trip_id,trip_date,hour_of_day,day_of_week,pickup_latitude,pickup_longitude,dropoff_latitude,dropoff_longitude,trip_distance_meters,fare_amount,passenger_count,tip_indicator
1,2023-11-24,6,7,40.708823,-74.080847,40.723696,-74.062974,2581.04,7.51,5,N
2,2023-01-16,6,3,40.587456,-73.99124,40.654927,-74.064775,11077.55,23.46,5,N
3,2023-08-18,16,7,40.716966,-74.016632,40.743554,-74.08931,8590.1,19.06,3,Y
4,2023-07-14,6,7,40.761836,-73.927767,40.706175,-73.899355,6936.77,13.34,5,Y
5,2023-07-13,5,6,40.675081,-73.870394,40.710705,-73.901622,5258.43,13.29,2,N
6,2023-02-10,20,7,40.748303,-73.940643,40.711925,-74.031385,10851.64,25.3,2,N
7,2023-04-18,17,4,40.667576,-74.150798,40.731538,-74.120009,7879.43,24.67,4,N
8,2023-11-24,17,7,40.696848,-73.989199,40.740315,-73.987251,4829.62,16.31,1,N
9,2023-07-25,8,4,40.770878,-73.773859,40.801876,-73.804329,4824.77,15.85,4,Y
10,2023-03-13,8,3,40.629642,-74.078346,40.614959,-74.170411,10348.29,31.38,4,N
11,2023-03-12,14,2,40.738936,-73.989203,40.793173,-73.944535,7799.18,18.65,1,N
12,2023-11-02,23,6,40.611706,-74.26776,40.587493,-74.262888,2741.48,7.75,1,N
13,2023-10-02,18,3,40.723432,-74.096568,40.715513,-74.068318,3256.7,15.47,3,N
14,2023-04-02,14,2,40.716063,-73.896052,40.759491,-73.863633,6015.56,12.53,2,N
15,2023-03-24,14,7,40.734795,-74.126962,40.779054,-74.126803,4912.88,16.89,3,N
16,2023-05-04,20,6,40.740884,-73.96601,40.733961,-73.984874,2230.47,7.03,5,N
17,2023-03-07,17,4,40.76956,-74.025693,40.702292,-74.037509,7581.04,29.73,2,N
18,2023-07-24,23,3,40.66174,-74.069178,40.618331,-74.094418,5573.64,13.54,2,Y
19,2023-01-11,16,5,40.72159,-73.936018,40.785293,-73.905554,7838.04,18.75,3,Y
20,2023-05-02,8,4,40.92808,-74.129966,40.933776,-74.147205,2015.36,4.47,5,N
21,2023-08-31,19,6,40.729315,-73.963972,40.681679,-73.941939,5825.74,16.81,1,Y
22,2023-06-23,19,7,40.746045,-73.955556,40.766716,-73.982326,3754.17,13.51,2,N
23,2023-05-08,20,3,40.874478,-73.923128,40.888498,-73.940978,2519.47,6.1,1,N
24,2023-05-02,7,4,40.610917,-74.075069,40.614041,-74.089197,1606.16,7.72,4,Y
25,2023-07-19,8,5,40.736207,-74.113665,40.625038,-74.055258,13939.16,46.86,4,N
26,2023-06-01,7,6,40.709137,-73.853746,40.738441,-73.813513,5524.97,19.72,1,N
27,2023-09-15,21,7,40.679229,-74.01265,40.581723,-74.01745,10836.33,24.85,2,N
28,2023-10-19,8,6,40.728458,-74.121194,40.689569,-74.179043,7737.29,27.0,5,N
29,2023-05-14,7,2,40.69723,-74.078192,40.638039,-74.032746,8283.45,26.81,1,Y
30,2023-11-15,23,5,40.795718,-73.967003,40.79524,-73.957997,1001.12,6.03,3,N
31,2023-05-06,10,1,40.816557,-73.84751,40.796765,-73.913372,7633.7,20.67,1,N
32,2023-10-11,9,5,40.701126,-74.128424,40.599974,-74.111964,11375.57,37.37,1,N
33,2023-03-21,8,4,40.58704,-74.103334,40.607424,-74.035412,7871.51,25.91,1,Y
34,2023-08-05,19,1,40.828152,-73.919345,40.840471,-73.824255,10643.22,38.52,2,N
35,2023-10-10,18,4,40.667612,-74.02419,40.739721,-74.050125,8506.1,28.34,3,N
36,2023-03-17,12,7,40.734621,-73.914025,40.746994,-73.791841,13631.79,27.58,1,N
37,2023-04-18,17,4,40.666221,-74.086991,40.571439,-74.124437,11312.05,39.72,2,N
38,2023-04-01,20,1,40.685571,-73.84464,40.698239,-73.901698,6487.69,19.5,2,N
39,2023-12-26,6,4,40.850149,-74.148329,40.86602,-74.057619,10221.69,21.29,2,N
40,2023-12-04,7,3,40.733865,-74.100377,40.821966,-74.060796,10720.78,34.33,5,N
41,2023-10-02,9,3,40.914467,-73.970672,40.909826,-73.904923,7316.35,25.0,5,N
42,2023-06-10,12,1,40.709918,-73.956665,40.707467,-73.930459,2921.64,7.58,1,N
43,2023-01-01,14,2,40.765778,-74.148882,40.841812,-74.178841,9071.3,21.34,3,N
44,2023-12-06,19,5,40.813216,-74.021965,40.771719,-74.04061,5049.7,19.56,4,N
45,2023-10-11,6,5,40.504387,-73.892184,40.456781,-73.98908,11983.48,25.2,5,N
46,2023-06-05,8,3,40.656634,-74.125141,40.684717,-74.15666,4685.83,14.71,4,N
47,2023-09-19,13,4,40.857831,-74.109736,40.868007,-74.091311,2336.38,4.35,3,Y
48,2023-05-01,17,3,40.699076,-73.995426,40.731975,-73.958395,5498.33,19.22,4,N
49,2023-02-07,12,4,40.811635,-74.091887,40.80191,-74.140135,5463.15,12.51,1,N
50,2023-02-24,18,7,40.746115,-73.970875,40.834673,-73.989504,10045.1,30.53,5,N
51,2023-03-04,12,1,40.759917,-74.146737,40.82699,-74.15185,7466.7,21.44,5,N
52,2023-09-16,12,1,40.647731,-73.915417,40.617717,-73.861702,6830.04,19.51,4,N
53,2023-05-07,19,2,40.683188,-73.835133,40.646385,-73.83156,4104.34,11.87,2,N
54,2023-06-13,20,4,40.771127,-73.95599,40.784992,-73.977353,2826.88,8.93,2,Y
55,2023-07-28,9,7,40.677761,-73.998381,40.702477,-74.041466,5513.47,19.64,1,N
56,2023-10-22,11,2,40.473009,-73.912952,40.474734,-73.910812,305.01,1.0,4,N
57,2023-10-07,19,1,40.805498,-74.075316,40.797218,-74.018258,6399.78,19.42,4,N
58,2023-08-28,21,3,40.808391,-73.883307,40.800924,-73.827489,6250.96,13.52,1,Y
59,2023-08-08,6,4,40.681603,-73.998344,40.656599,-73.974597,3827.7,8.58,4,N
60,2023-08-04,8,7,40.8627,-73.988777,40.86757,-74.197744,23201.61,69.99,3,N
61,2023-02-05,18,2,40.615827,-74.142615,40.647512,-74.152996,3701.02,14.74,2,N
62,2023-02-28,15,4,40.720143,-73.974999,40.796108,-73.971788,8439.65,18.17,5,N
63,2023-02-28,18,4,40.757316,-73.932042,40.656115,-73.986594,12761.35,36.9,4,N
64,2023-04-12,5,5,40.612648,-74.057212,40.547238,-73.988215,10553.24,25.66,5,N
65,2023-10-17,18,4,40.652148,-73.919358,40.611346,-73.87622,6590.92,20.16,4,Y
66,2023-07-05,17,5,40.876331,-73.9316,40.807343,-74.006356,11291.36,37.66,3,N
67,2023-10-03,18,4,40.530402,-73.965077,40.493535,-73.989286,4895.7,17.32,3,N
68,2023-05-05,18,7,40.946269,-74.140462,40.91471,-74.170623,4845.61,19.04,3,N
69,2023-04-19,10,5,40.708551,-73.925114,40.623797,-73.983616,11431.27,23.1,2,Y
70,2023-07-28,13,7,40.671392,-73.998145,40.594904,-74.03349,9352.74,19.36,1,Y
71,2023-04-24,11,3,40.71901,-73.858447,40.675833,-73.811896,7047.65,12.85,5,N
72,2023-12-26,12,4,40.993362,-74.031217,41.027294,-74.03903,3864.95,8.52,5,N
73,2023-12-20,7,5,40.736923,-73.893489,40.715135,-74.028773,15210.08,46.52,1,N
74,2023-06-01,8,6,40.700224,-73.998759,40.707848,-74.037881,4424.27,15.43,1,N
75,2023-12-24,21,2,40.604518,-74.13338,40.610797,-74.12866,871.94,3.76,3,N
76,2023-01-27,8,7,40.824299,-73.974216,40.805507,-73.92088,6277.1,22.26,5,N
77,2023-01-28,7,1,40.804273,-74.232276,40.836759,-74.213014,4192.16,13.14,5,N
78,2023-04-26,18,5,40.67578,-74.16578,40.750445,-74.185314,8566.8,30.75,4,N
79,2023-11-14,5,4,40.75709,-74.017339,40.762692,-74.087194,7778.73,17.98,2,N
80,2023-02-08,7,5,40.753778,-74.134342,40.795345,-74.146994,4822.98,17.07,3,N
81,2023-12-26,20,4,40.778542,-73.974467,40.77046,-73.886332,9823.99,19.1,2,N
82,2023-10-06,7,7,40.61628,-73.959409,40.64792,-73.948423,3717.64,14.2,3,N
83,2023-10-19,21,6,40.608454,-73.964043,40.591537,-73.916201,5632.72,13.42,4,Y
84,2023-01-21,20,1,40.836203,-74.019201,40.768494,-73.983623,8490.11,19.71,5,N
85,2023-01-11,23,5,40.67562,-74.075989,40.756964,-74.054977,9325.62,18.3,3,N
86,2023-10-27,12,7,40.739559,-73.902441,40.618329,-73.952761,14569.68,32.02,3,N
87,2023-03-24,9,7,40.684222,-74.08335,40.770485,-74.114288,10172.34,30.92,3,N
88,2023-03-01,22,5,40.678698,-74.105089,40.712745,-74.032083,8941.64,20.16,5,N
89,2023-01-28,7,1,40.604226,-73.877704,40.544649,-73.937588,9376.3,31.36,3,N
90,2023-12-24,13,2,40.8337,-73.867295,40.846419,-73.843314,3013.16,5.53,3,N
91,2023-10-10,11,4,40.743177,-73.816513,40.834873,-73.737235,13454.85,28.72,3,N
92,2023-05-20,11,1,40.66651,-74.118373,40.672714,-74.145298,3067.03,8.93,2,N
93,2023-09-18,18,3,40.737687,-73.977226,40.751625,-74.074389,10895.48,33.3,3,N
94,2023-05-25,18,6,40.861525,-73.937201,40.805371,-73.990874,8622.41,24.99,4,N
95,2023-06-26,9,3,40.720663,-74.103001,40.812738,-74.144329,11202.65,37.57,4,N
96,2023-07-30,4,2,40.703898,-74.011199,40.625789,-73.992611,8912.21,18.49,2,N
97,2023-01-19,6,6,40.800509,-74.025401,40.878493,-73.968468,10717.64,27.49,1,N
98,2023-07-29,20,1,40.8416,-73.967261,40.837899,-73.959539,950.42,2.86,5,N
99,2023-11-29,5,5,40.641821,-73.874087,40.520441,-73.900118,13779.55,27.14,4,N
100,2023-01-19,16,6,40.563346,-73.991489,40.638936,-73.999849,8441.57,20.78,1,N
101,2023-02-20,18,3,40.699651,-74.050109,40.720813,-74.013616,4682.52,18.29,1,N
102,2023-07-11,12,4,40.728818,-74.002243,40.780316,-74.015334,5898.09,13.15,2,Y
103,2023-07-15,16,1,40.725521,-73.785465,40.760117,-73.741936,6171.83,14.81,1,N
104,2023-08-27,20,2,40.789563,-74.031762,40.763222,-74.074753,5596.46,14.35,5,N
105,2023-08-06,17,2,40.631082,-73.983277,40.72905,-73.983663,10874.62,36.66,3,N
106,2023-12-25,8,3,40.773668,-73.86087,40.763548,-73.870767,1571.26,9.77,1,N
107,2023-09-12,19,4,40.85454,-74.105039,40.865751,-74.015764,9987.36,32.71,3,N
108,2023-12-04,17,3,40.776516,-73.976481,40.79364,-73.986352,2193.95,8.67,4,Y
109,2023-07-06,18,6,40.783375,-73.961129,40.782883,-73.992201,3449.48,14.53,3,N
110,2023-05-20,19,1,40.804718,-74.01417,40.897935,-74.104202,14385.12,46.07,3,N
111,2023-08-28,22,3,40.87797,-73.804399,40.929181,-73.86619,8908.19,25.51,5,N
112,2023-07-22,0,1,40.67993,-74.113248,40.667386,-74.148062,4107.58,8.07,5,N
113,2023-11-23,21,6,40.769516,-73.960064,40.872067,-73.943806,11525.28,21.43,2,N
114,2023-11-22,19,5,40.629188,-73.934551,40.606323,-73.957558,3600.48,13.9,1,N
115,2023-09-10,6,2,40.724643,-73.882372,40.687807,-73.851367,5344.41,16.12,5,N
116,2023-03-21,20,4,40.66451,-74.112544,40.586205,-74.200942,13108.24,25.57,3,Y
117,2023-07-09,7,2,40.643793,-73.981007,40.552288,-73.874121,15618.14,46.46,3,Y
118,2023-05-22,7,3,40.872261,-73.86631,40.939657,-73.937068,10846.73,35.87,5,N
119,2023-01-26,18,6,40.714896,-73.95416,40.697575,-73.961601,2092.54,8.91,2,N
120,2023-04-30,9,2,40.644972,-73.877061,40.730898,-73.778214,14538.09,46.18,2,N
121,2023-10-04,8,5,40.779996,-73.875144,40.788535,-73.873749,960.39,5.75,3,Y
122,2023-05-16,4,4,40.641396,-74.012356,40.580375,-74.013905,6775.49,13.78,3,N
123,2023-02-25,12,1,40.737371,-73.870014,40.72178,-73.978309,12144.67,25.87,1,Y
124,2023-09-03,19,2,40.64157,-74.048763,40.65225,-74.061434,1839.44,5.91,1,N
125,2023-03-17,5,7,40.690634,-73.86614,40.648319,-73.879408,4922.43,14.8,4,N
126,2023-08-09,6,5,40.70865,-74.064405,40.615232,-74.114315,11756.44,23.23,2,N
127,2023-04-27,11,6,40.759954,-74.095167,40.754424,-74.1381,4804.93,11.52,2,N
128,2023-08-31,5,6,40.783667,-73.984256,40.764402,-73.916951,7770.92,19.91,2,N
129,2023-10-28,22,1,40.574935,-74.062279,40.488796,-74.008225,11288.11,27.03,1,N
130,2023-11-04,9,1,40.674891,-73.911332,40.710945,-73.879007,5374.91,20.52,1,N
131,2023-10-12,10,6,40.723138,-74.136246,40.757116,-74.226646,10719.78,27.59,5,N
132,2023-10-13,1,7,40.683384,-73.83628,40.642853,-73.83973,4515.13,12.78,3,N
133,2023-06-29,0,6,40.801206,-74.100305,40.778749,-74.084158,3070.16,8.31,5,N
134,2023-08-03,12,6,40.694272,-73.958511,40.730375,-74.012171,7178.89,21.11,5,Y
135,2023-01-27,7,7,40.71369,-74.037939,40.760839,-74.011405,6005.26,18.09,4,N
136,2023-09-20,6,5,40.775606,-74.079826,40.793001,-74.104906,3387.89,7.2,3,Y
137,2023-07-22,23,1,40.776463,-73.983179,40.856861,-74.011939,9478.05,21.6,1,Y
138,2023-08-09,7,5,40.630458,-74.119834,40.683767,-74.214488,12058.34,38.67,3,Y
139,2023-01-22,12,2,40.673816,-73.995926,40.653379,-73.947073,5878.1,11.9,3,Y
140,2023-01-11,22,5,40.79359,-73.891513,40.900683,-73.965604,14454.88,32.17,3,Y
141,2023-02-24,8,7,40.609466,-74.070554,40.575286,-74.044305,4783.71,15.89,2,Y
142,2023-11-21,6,4,40.788943,-74.222998,40.78215,-74.270125,5285.11,15.69,2,N
143,2023-03-16,8,6,40.739434,-73.954925,40.740571,-73.974684,2196.9,11.77,4,N
144,2023-10-24,12,4,40.670433,-73.891429,40.64086,-73.937612,6087.23,12.57,3,N
145,2023-02-04,13,1,40.591816,-74.137103,40.552719,-74.162407,5169.4,14.83,1,Y
146,2023-05-27,5,1,40.762826,-73.876667,40.688775,-73.921275,9595.81,20.12,4,N
147,2023-01-22,12,2,40.766119,-74.141125,40.741437,-74.089953,6306.3,15.53,1,N
148,2023-06-25,23,2,40.741828,-73.881624,40.778253,-73.805571,9360.17,21.98,4,N
149,2023-11-09,7,6,40.655918,-73.947561,40.617737,-73.922915,5044.36,14.75,3,Y
150,2023-02-18,15,1,40.610983,-74.063653,40.635898,-73.986719,8976.33,16.3,5,N
151,2023-06-20,5,4,40.597628,-74.196926,40.570637,-74.129044,8108.6,18.17,1,N
152,2023-07-12,17,5,40.66806,-74.030753,40.691092,-74.066159,4688.48,11.93,5,Y
153,2023-12-10,12,2,40.651469,-73.933574,40.666198,-73.902137,3853.5,12.39,2,N
154,2023-03-21,5,4,40.67553,-73.98018,40.656386,-73.967764,2532.74,3.8,5,Y
155,2023-06-22,20,6,40.613353,-74.097099,40.631227,-74.071061,3505.59,8.53,2,N
156,2023-01-23,11,3,40.581721,-74.038872,40.54877,-74.07733,5621.53,14.31,4,N
157,2023-05-03,9,5,40.753315,-74.110971,40.77772,-74.152172,5315.35,23.9,4,N
158,2023-07-15,13,1,40.6187,-74.057867,40.633242,-74.036694,2851.14,10.79,3,Y
159,2023-09-04,20,3,40.668978,-74.021634,40.724285,-74.102044,10832.95,23.42,3,N
160,2023-09-20,7,5,40.878415,-74.229496,40.924725,-74.219924,5249.1,20.4,3,N
161,2023-08-01,4,4,40.639471,-74.006925,40.687912,-74.008592,5380.15,17.81,3,N
162,2023-03-12,3,2,40.753522,-73.907799,40.725473,-73.866658,5526.98,10.61,4,N
163,2023-01-03,20,4,40.782004,-73.997697,40.852054,-73.901891,13173.94,27.22,3,N
164,2023-03-04,4,1,40.646495,-74.161652,40.689392,-74.185015,5421.92,13.6,4,N
165,2023-01-09,17,3,40.570943,-74.078333,40.570225,-74.075629,310.56,1.87,2,N
166,2023-02-13,14,3,40.816635,-74.164573,40.91174,-74.24908,14121.97,29.78,5,N
167,2023-07-19,20,5,40.808036,-73.97928,40.750022,-73.920014,9205.7,20.45,2,N
168,2023-11-18,6,1,40.74205,-74.152354,40.700674,-74.121188,5749.86,15.39,3,N
169,2023-03-31,19,7,40.600605,-74.263855,40.569173,-74.259589,3520.93,15.16,4,Y
170,2023-04-14,4,7,40.831729,-73.996865,40.845628,-73.94188,6295.38,14.11,5,N
171,2023-01-19,18,6,40.746788,-73.918386,40.766086,-74.01672,11123.32,35.36,3,N
172,2023-07-24,18,3,40.75768,-73.928012,40.727291,-73.87026,7243.83,23.85,4,N
173,2023-09-23,8,1,40.804074,-73.953853,40.656264,-73.884986,18100.4,57.51,1,Y
174,2023-12-05,8,4,40.788368,-74.155943,40.814873,-74.128853,4206.89,17.0,4,Y
175,2023-06-30,16,7,40.581728,-73.949222,40.586156,-73.965827,1907.6,5.34,5,N
176,2023-12-14,7,6,40.622965,-73.815374,40.641856,-73.838816,3341.85,10.59,2,Y
177,2023-11-27,10,3,40.616877,-73.919107,40.557341,-73.965345,8367.47,21.07,1,N
178,2023-09-29,10,7,40.682315,-74.037815,40.719468,-74.026709,4304.36,11.0,2,N
179,2023-07-18,21,4,40.840353,-73.889552,40.830457,-73.922864,3857.35,7.87,4,N
180,2023-03-11,20,1,40.613315,-74.210343,40.645069,-74.230515,4175.75,11.14,3,N
181,2023-12-30,5,1,40.509466,-74.061175,40.556369,-74.124584,8754.7,22.57,3,N
182,2023-03-04,23,1,40.649968,-73.986797,40.614492,-74.034076,6561.09,15.69,5,N
183,2023-10-10,6,4,40.740349,-74.03052,40.676626,-73.983088,8817.6,18.1,4,N
184,2023-02-07,6,4,40.726547,-74.022049,40.744461,-74.081016,6840.72,16.7,2,N
185,2023-10-10,17,4,40.820739,-73.769075,40.720536,-73.723922,12199.63,40.07,2,N
186,2023-03-24,9,7,40.730368,-74.029294,40.685784,-73.930388,12042.4,37.09,1,N
187,2023-11-22,22,5,40.691367,-73.867586,40.674702,-73.882172,2458.16,5.72,5,N
188,2023-12-04,16,3,40.609126,-73.931905,40.582915,-73.919027,3241.65,8.72,1,Y
189,2023-11-25,18,1,40.706472,-73.937481,40.644101,-73.96786,7700.79,29.72,5,N
190,2023-06-04,13,2,40.752459,-73.954793,40.680903,-73.960509,7967.99,19.18,1,N
191,2023-08-01,13,4,40.751717,-73.875053,40.721218,-73.801531,8835.26,19.78,4,Y
192,2023-07-09,14,2,40.515199,-73.947558,40.538215,-73.908325,5048.96,14.12,2,Y
193,2023-05-29,21,3,40.781211,-74.084424,40.886102,-74.109476,11970.42,28.25,3,N
194,2023-03-23,13,6,40.498092,-74.123028,40.492663,-74.126921,741.59,4.39,4,N
195,2023-05-04,7,6,40.693399,-73.980293,40.590012,-73.976975,11481.8,35.67,5,Y
196,2023-02-25,12,1,40.619816,-73.886762,40.565537,-73.882611,6042.63,12.68,4,Y
197,2023-10-15,7,2,40.675882,-74.018828,40.590893,-74.021101,9437.08,29.7,5,Y
198,2023-02-19,11,2,41.008178,-73.980666,40.964472,-73.902904,9901.44,21.05,2,N
199,2023-07-25,13,4,40.764908,-73.990754,40.73667,-73.941637,6288.75,12.45,5,Y
200,2023-11-10,9,7,40.74925,-74.114297,40.792378,-74.077417,6298.87,19.15,5,N
201,2023-09-30,13,1,40.608053,-74.049715,40.652659,-74.045035,4978.5,14.06,3,N
202,2023-12-19,17,4,40.778769,-74.070443,40.756302,-74.145208,8665.54,24.06,5,N
203,2023-01-27,16,7,40.780247,-73.882374,40.71022,-73.947916,10646.46,25.6,1,N
204,2023-12-25,6,3,40.833797,-73.919846,40.838947,-73.875394,4967.14,14.93,4,N
205,2023-11-10,21,7,40.826584,-74.122948,40.851781,-74.112552,3025.6,9.02,4,N
206,2023-06-10,22,1,40.798304,-74.125483,40.813777,-74.197387,8164.02,17.97,3,N
207,2023-04-09,22,2,40.697538,-73.923189,40.830035,-73.974222,15760.34,34.44,4,N
208,2023-06-28,15,5,40.557947,-73.859427,40.525952,-73.87478,3939.22,12.92,5,N
209,2023-07-22,19,1,40.886209,-74.056843,40.875855,-74.016986,4570.98,15.8,4,N
210,2023-09-03,7,2,40.622913,-73.968585,40.587822,-74.005409,5646.12,18.83,1,N
211,2023-10-28,8,1,40.918914,-73.937932,40.924457,-73.901952,4040.88,16.07,4,Y
212,2023-03-12,0,2,40.765523,-74.224646,40.729734,-74.322126,11526.43,28.13,4,N
213,2023-04-13,18,6,40.693789,-73.926252,40.773507,-73.895174,9497.31,30.15,1,N
214,2023-03-31,12,7,40.653375,-73.884071,40.554037,-73.791431,15077.29,33.52,4,N
215,2023-05-29,20,3,40.842137,-73.998461,40.953637,-73.909361,15842.66,32.89,5,N
216,2023-03-10,19,7,41.00637,-74.070135,41.012902,-74.047511,2613.86,11.12,4,N
217,2023-04-06,0,6,40.669284,-73.934598,40.654302,-73.963731,3636.26,7.58,4,N
218,2023-09-21,9,6,40.621184,-74.042362,40.634248,-73.985772,6446.71,21.58,2,Y
219,2023-07-16,8,2,40.718658,-74.254119,40.692975,-74.178245,8891.49,32.08,2,Y
220,2023-03-02,13,6,40.723255,-73.924206,40.787445,-73.831594,12507.77,25.57,3,N
221,2023-11-24,21,7,40.674241,-73.873395,40.679402,-73.847123,2971.95,10.34,5,N
222,2023-12-26,15,4,40.848997,-74.128109,40.860315,-74.146149,2363.89,6.02,2,N
223,2023-11-02,20,6,40.807525,-73.952465,40.80175,-73.971785,2238.26,6.32,5,N
224,2023-04-14,15,7,40.698791,-73.953513,40.734841,-73.978167,4847.86,12.07,2,N
225,2023-09-08,6,7,40.531314,-74.017848,40.473864,-74.000542,6660.0,15.16,4,N
226,2023-06-07,18,5,40.722047,-74.152165,40.778041,-74.153897,6218.33,18.53,1,N
227,2023-12-25,5,3,40.946178,-74.014621,41.051899,-73.965666,12932.11,30.37,2,N
228,2023-11-27,22,3,40.733111,-74.154473,40.807852,-74.260277,14378.96,32.68,4,N
229,2023-12-16,22,1,40.75047,-74.043882,40.766522,-74.063214,2789.19,10.08,2,N
230,2023-04-25,19,4,40.70831,-73.995244,40.569864,-74.072779,17613.42,56.07,4,N
231,2023-04-28,8,7,40.667177,-73.939908,40.741389,-73.970697,8918.32,32.02,4,N
232,2023-01-09,8,3,40.831363,-73.883564,40.858907,-73.954036,8398.66,28.68,1,N
233,2023-01-23,11,3,40.719676,-73.936343,40.730845,-73.949218,1891.88,4.63,5,N
234,2023-11-03,18,7,40.710777,-73.975368,40.677352,-73.871513,12110.26,34.74,5,N
235,2023-06-03,8,1,40.587368,-74.052694,40.584489,-74.083587,3443.98,11.73,1,N
236,2023-11-26,17,2,40.597951,-73.986456,40.555248,-74.011042,5469.51,19.48,4,N
237,2023-10-03,13,4,40.762234,-74.074636,40.73839,-74.161958,10047.63,24.81,4,N
238,2023-03-10,11,7,40.647176,-74.00881,40.691924,-73.960762,7288.06,18.12,3,Y
239,2023-04-08,4,1,40.615122,-73.910948,40.633964,-73.906167,2157.65,7.71,5,N
240,2023-04-17,20,3,40.587474,-74.130935,40.696253,-74.013855,17739.39,38.43,1,N
241,2023-09-03,21,2,40.660539,-74.152973,40.631085,-74.130606,4105.18,10.0,4,N
242,2023-07-03,9,3,40.786259,-74.137637,40.866183,-74.22569,13199.72,42.86,4,N
243,2023-06-13,21,4,40.641702,-73.930957,40.609034,-73.944495,3925.2,11.3,5,N
244,2023-08-02,8,5,40.774499,-73.982018,40.808605,-74.016016,5345.32,17.9,5,N
245,2023-12-17,9,2,40.722511,-74.121406,40.708946,-74.202299,9104.41,26.66,3,N
246,2023-10-07,13,1,40.752382,-73.89766,40.721212,-73.908596,3666.58,9.29,1,N
247,2023-02-08,21,5,40.629226,-74.154063,40.547287,-74.103774,10671.64,24.21,1,N
248,2023-08-22,10,4,40.868461,-74.115439,40.81846,-74.158168,7300.72,15.57,4,Y
249,2023-09-30,15,1,40.835243,-73.996866,40.81392,-73.860807,15286.85,36.72,4,N
250,2023-04-02,6,2,40.732491,-73.9593,40.748643,-73.937486,3012.85,10.81,3,N
251,2023-07-23,5,2,40.82004,-74.034039,40.823338,-73.956818,8579.38,18.5,1,N
252,2023-11-29,18,5,40.891275,-73.924716,40.918339,-73.940785,3493.77,12.76,1,N
253,2023-02-12,13,2,40.552518,-73.935332,40.462071,-73.975051,10965.0,26.45,1,N
254,2023-12-21,20,6,40.781922,-74.036516,40.78429,-73.934751,11298.89,27.15,5,N
255,2023-01-17,7,4,40.723281,-74.020345,40.730702,-73.993448,3097.17,13.39,1,N
256,2023-10-16,8,3,40.545332,-73.955646,40.502546,-73.919912,6187.79,19.98,2,N
257,2023-12-19,18,4,40.442168,-74.007348,40.492748,-73.989605,5949.81,21.31,5,N
258,2023-07-23,22,2,40.635343,-74.071469,40.698237,-74.06002,7096.02,14.55,2,N
259,2023-07-12,12,5,40.649946,-74.13891,40.709547,-74.10331,7706.1,18.85,1,N
260,2023-07-14,18,7,40.56192,-74.115341,40.500766,-74.124996,6872.26,23.98,1,N
261,2023-08-16,10,5,40.706195,-73.953091,40.727115,-73.902683,6058.08,12.69,1,Y
262,2023-10-11,6,5,40.67827,-74.078286,40.652683,-74.109486,4478.83,12.55,4,N
263,2023-10-14,20,1,40.841849,-74.02381,40.865543,-73.980977,5433.43,14.46,4,Y
264,2023-03-27,12,3,40.77763,-74.107221,40.804999,-74.073507,4820.15,12.85,2,N
265,2023-09-11,16,3,40.728759,-73.961189,40.68771,-73.846396,13532.16,28.19,3,N
266,2023-08-09,19,5,40.833789,-73.834225,40.729314,-73.805382,12030.61,39.92,2,N
267,2023-04-01,22,1,40.794212,-74.022207,40.774514,-74.076875,6450.05,14.08,4,N
268,2023-07-21,10,7,40.678604,-73.945223,40.664784,-73.913735,3817.05,10.11,5,Y
269,2023-08-25,21,7,40.757641,-73.832945,40.766893,-73.849459,2101.19,8.76,4,Y
270,2023-06-05,8,3,40.56732,-74.092049,40.500766,-74.087285,7406.34,23.96,5,N
271,2023-07-25,14,4,40.891786,-74.099339,40.879864,-74.092618,1519.08,8.59,5,N
272,2023-02-13,6,3,40.68215,-74.004357,40.756061,-73.969801,9056.53,23.0,5,N
273,2023-12-13,17,5,40.800618,-74.024583,40.807395,-74.047255,2626.59,11.53,5,N
274,2023-12-19,15,4,40.753945,-74.09989,40.770587,-74.090566,2117.47,4.1,5,N
275,2023-01-13,13,7,40.649424,-73.790048,40.730361,-73.741593,10470.95,23.21,3,N
276,2023-04-16,14,2,40.620975,-74.032249,40.639451,-74.041856,2311.5,4.96,1,N
277,2023-12-30,6,1,40.797133,-74.12334,40.78389,-74.150218,3325.84,10.64,2,N
278,2023-06-19,15,3,40.705248,-73.935827,40.695878,-73.96224,3110.93,9.44,4,N
279,2023-11-11,20,1,40.612118,-73.972989,40.646875,-73.972017,3859.64,9.67,1,N
280,2023-10-02,7,3,40.866319,-74.056822,40.915437,-74.064547,5519.12,23.03,5,N
281,2023-06-10,16,1,40.61103,-74.091611,40.555253,-74.012697,10726.52,21.24,3,N
282,2023-10-30,6,3,40.58953,-73.972633,40.608203,-73.983474,2396.74,8.49,2,N
283,2023-08-03,16,6,40.619294,-74.0535,40.557429,-74.048307,6891.16,20.32,2,N
284,2023-09-08,8,7,40.600424,-73.93204,40.689069,-74.005306,12765.37,38.06,1,N
285,2023-04-10,19,3,40.828415,-74.032738,40.752485,-74.030337,8432.42,24.49,4,N
286,2023-10-17,2,4,40.809583,-74.00023,40.768123,-74.009889,4725.2,14.4,2,N
287,2023-10-17,18,4,40.725415,-74.131694,40.744068,-74.115618,2733.3,11.29,3,N
288,2023-01-22,18,2,40.52893,-74.071515,40.541575,-74.144259,8195.62,28.57,2,N
289,2023-01-17,12,4,40.605857,-73.856003,40.4576,-73.7963,17740.86,38.22,5,N
290,2023-12-30,16,1,40.640209,-74.130527,40.670389,-74.110621,4012.97,6.95,1,N
291,2023-09-30,8,1,40.626974,-74.02733,40.615209,-74.066945,4587.08,15.83,1,Y
292,2023-07-30,21,2,40.909216,-73.805338,40.904476,-73.735288,7793.34,20.96,2,Y
293,2023-06-14,19,5,40.723617,-74.155792,40.658134,-74.151449,7284.63,24.11,4,Y
294,2023-02-17,11,7,40.815509,-74.006191,40.738487,-73.966692,9608.09,20.18,4,N
295,2023-01-02,20,3,40.738151,-74.042231,40.80804,-74.054587,7877.96,16.99,5,N
296,2023-08-08,19,4,40.528563,-74.094256,40.530029,-74.107444,1472.95,9.38,2,N
297,2023-09-06,19,5,40.846179,-74.110599,40.913419,-74.090631,7785.76,26.05,2,N
298,2023-01-01,23,2,40.697304,-74.302697,40.769633,-74.2156,12566.75,25.4,3,N
299,2023-05-21,6,2,40.686274,-73.974114,40.649257,-74.036269,8030.13,21.22,2,N
300,2023-02-16,18,6,40.757611,-73.892178,40.757999,-73.868112,2671.6,11.58,4,Y
301,2023-12-23,10,1,40.856935,-73.869633,40.837305,-73.923133,6325.61,15.27,1,Y
302,2023-07-08,20,1,40.755683,-73.893777,40.821072,-73.893247,7258.4,15.95,2,Y
303,2023-10-16,0,3,40.649505,-74.093142,40.637385,-74.162413,7805.9,19.31,4,N
304,2023-02-14,20,4,40.796655,-73.973323,40.816408,-73.979153,2286.11,5.23,4,N
305,2023-03-13,8,3,40.666365,-74.06557,40.602011,-74.112946,8870.24,28.07,1,N
306,2023-12-04,20,3,40.945207,-73.968242,41.010876,-73.949494,7580.45,19.51,1,N
307,2023-05-03,13,5,40.80216,-73.929442,40.751235,-73.963553,6803.6,21.94,3,Y
308,2023-10-19,12,6,40.671678,-74.064997,40.662835,-74.210393,16168.76,35.91,1,Y
309,2023-02-04,0,1,40.761115,-73.785012,40.80889,-73.800974,5591.23,12.96,4,N
310,2023-07-25,5,4,40.866591,-74.140729,40.850836,-74.148124,1931.87,8.06,5,N
311,2023-03-21,14,4,40.603096,-73.916091,40.64138,-73.981268,8390.38,22.12,2,Y
312,2023-02-14,21,4,40.775309,-73.903306,40.821147,-73.833633,9257.3,22.02,2,Y
313,2023-12-29,7,7,40.829635,-73.997653,40.795185,-73.948113,6697.82,23.28,3,Y
314,2023-05-18,18,6,40.64323,-73.847819,40.715704,-73.874781,8583.27,30.07,5,Y
315,2023-12-31,22,2,40.631335,-74.0901,40.614486,-74.091243,1874.47,7.02,2,N
316,2023-02-22,20,5,40.666085,-74.028719,40.644092,-74.028927,2441.32,7.24,1,N
317,2023-08-30,10,5,40.767874,-74.036175,40.780877,-74.039484,1489.3,6.52,4,N
318,2023-05-08,11,3,40.5633,-74.020765,40.524215,-73.978138,6419.57,16.25,5,N
319,2023-01-27,7,7,40.807328,-74.272029,40.825444,-74.277405,2097.53,7.2,3,N
320,2023-10-11,12,5,40.730521,-74.062429,40.760978,-74.044785,3907.06,7.11,2,N
321,2023-10-30,22,3,40.885734,-74.008405,40.878819,-74.070908,6980.17,16.79,4,Y
322,2023-10-05,10,6,40.658038,-73.896725,40.571432,-73.894147,9617.57,21.7,4,N
323,2023-06-07,6,5,40.64033,-74.019737,40.622779,-74.018857,1950.63,9.55,1,Y
324,2023-04-29,20,1,40.709787,-74.160162,40.700168,-74.254443,10519.49,27.43,1,N
325,2023-09-16,6,1,40.729585,-74.041691,40.680935,-74.063775,5930.45,15.79,3,N
326,2023-07-21,18,7,40.696412,-74.014041,40.652847,-74.01675,4845.03,17.82,2,Y
327,2023-10-27,6,7,40.798867,-73.938668,40.788935,-73.915329,2815.45,5.97,4,N
328,2023-05-16,19,4,40.846136,-73.852963,40.89498,-73.879055,6146.75,23.88,5,Y
329,2023-06-17,7,1,40.649284,-74.261064,40.636692,-74.251453,1758.38,6.66,2,Y
330,2023-07-27,20,6,40.889366,-74.124663,40.867602,-74.105467,3221.15,9.46,2,Y
331,2023-02-01,19,5,40.765414,-74.011786,40.786959,-74.054958,5355.66,16.6,5,N
332,2023-02-08,1,5,40.607748,-73.807692,40.650266,-73.832306,5453.32,13.77,3,Y
333,2023-08-25,4,7,40.807474,-74.054891,40.798109,-74.112679,6498.15,13.93,3,N
334,2023-04-06,8,6,40.783676,-74.059496,40.793114,-74.111713,5889.94,18.35,3,N
335,2023-10-09,13,3,40.796523,-73.954534,40.733832,-73.919676,7962.06,18.87,5,N
336,2023-07-15,18,1,40.640402,-74.0854,40.688939,-74.1953,13335.72,42.93,5,N
337,2023-05-19,7,7,40.683311,-73.942168,40.752166,-73.99505,9636.9,37.18,5,N
338,2023-10-27,23,7,40.823972,-73.960676,40.820234,-73.982421,2449.11,6.09,1,N
339,2023-04-23,15,2,40.81138,-74.01678,40.953232,-74.077947,17146.96,37.47,3,N
340,2023-12-24,10,2,40.777992,-74.136821,40.735575,-74.175432,6366.81,17.31,2,N
341,2023-04-07,19,7,40.81109,-74.252435,40.781104,-74.260563,3448.57,13.51,5,N
342,2023-09-27,13,5,40.720834,-74.073798,40.780935,-74.057947,6899.38,14.59,2,N
343,2023-06-15,5,6,40.806413,-73.880973,40.821672,-73.862132,2691.25,6.0,1,N
344,2023-12-06,11,5,40.697129,-73.937754,40.722261,-73.918596,3507.71,10.4,4,N
345,2023-09-07,17,6,40.833495,-73.772028,40.793579,-73.87983,12759.93,41.11,5,N
346,2023-07-13,9,6,40.643631,-74.025671,40.619458,-74.041837,3227.95,7.35,5,N
347,2023-10-18,2,5,40.532509,-74.14117,40.567104,-74.148327,3921.38,6.04,2,N
348,2023-02-09,8,6,40.618752,-73.945743,40.615403,-73.929547,1835.82,7.44,3,N
349,2023-05-16,7,4,40.680332,-74.093042,40.698732,-74.170718,8860.71,31.13,4,N
350,2023-07-31,13,3,40.744795,-74.096914,40.788179,-74.050992,7012.39,17.88,5,N
351,2023-12-18,7,3,40.54194,-73.952008,40.551789,-73.949909,1117.81,5.79,3,N
352,2023-07-12,7,5,40.759722,-73.793484,40.813865,-73.748505,7813.14,25.69,5,N
353,2023-12-27,2,5,40.768969,-74.027248,40.791464,-74.045916,3244.84,10.08,2,N
354,2023-10-11,18,5,40.753107,-74.015853,40.714159,-74.0231,4397.42,17.14,1,N
355,2023-10-09,19,3,40.766672,-73.928221,40.72915,-73.909871,4636.28,14.99,2,Y
356,2023-04-16,7,2,40.597556,-74.016738,40.617521,-73.992881,3453.15,11.43,4,N
357,2023-12-05,8,4,40.650581,-74.083031,40.616804,-74.047521,5439.96,19.05,4,N
358,2023-04-26,19,5,40.740647,-74.058644,40.729404,-74.066086,1496.61,6.14,3,N
359,2023-07-31,22,3,40.605447,-74.07387,40.655325,-74.151601,10251.67,20.84,4,N
360,2023-05-01,13,3,40.773391,-73.816122,40.824776,-73.829255,5886.99,11.97,5,N
361,2023-12-13,23,5,40.859469,-73.81079,40.743663,-73.772388,13542.76,30.27,2,Y
362,2023-08-05,5,1,40.772672,-74.033398,40.742011,-74.020943,3673.38,8.83,5,N
363,2023-02-04,6,1,40.59393,-74.04995,40.63153,-74.097415,6721.32,16.22,5,N
364,2023-08-03,6,6,40.704956,-73.929757,40.757178,-74.042066,13748.02,27.43,1,N
365,2023-10-16,18,3,40.757576,-74.201997,40.832383,-74.272126,11381.86,36.39,5,N
366,2023-01-20,7,7,40.858074,-74.119779,40.897804,-74.141123,5006.14,15.68,4,N
367,2023-06-19,17,3,40.820955,-73.97139,40.815332,-73.923453,5357.5,16.71,3,N
368,2023-09-09,20,1,40.864068,-74.112698,40.7411,-74.106862,13664.81,31.5,4,N
369,2023-06-14,8,5,40.58802,-73.934069,40.60112,-73.902197,3824.94,15.45,5,N
370,2023-01-29,14,2,40.565874,-73.959269,40.602172,-73.986243,5019.71,12.49,5,N
371,2023-01-15,7,2,40.760188,-74.05328,40.772314,-74.048687,1439.37,8.61,2,N
372,2023-08-26,13,1,40.74233,-74.039911,40.722997,-73.99253,5680.19,14.23,5,N
373,2023-08-31,16,6,40.677749,-73.957603,40.743272,-74.008764,9227.52,20.34,4,Y
374,2023-10-20,18,7,40.63685,-73.990274,40.671334,-73.984974,3872.66,15.46,4,N
375,2023-12-16,0,1,40.835439,-74.082201,40.830192,-74.08607,723.62,3.89,3,N
376,2023-12-30,17,1,40.893622,-74.09227,40.916009,-74.114415,3495.35,14.23,4,N
377,2023-09-24,19,2,40.675707,-73.978023,40.602219,-73.983348,8178.53,28.11,5,N
378,2023-06-02,17,7,40.632134,-74.095947,40.637317,-74.103292,997.8,7.24,3,N
379,2023-12-31,22,2,40.675309,-74.058615,40.638457,-74.062635,4114.75,14.43,5,N
380,2023-06-13,17,4,40.781712,-74.032195,40.709912,-73.993449,9056.26,29.64,4,N
381,2023-01-19,16,6,40.896705,-74.012064,40.853033,-73.946182,8773.78,18.94,4,N
382,2023-12-10,10,2,40.581448,-74.024934,40.610464,-74.059986,5050.9,10.46,3,Y
383,2023-03-07,18,4,40.69293,-74.132415,40.796286,-74.195641,13448.92,45.2,2,N
384,2023-06-07,12,5,40.626811,-73.932951,40.595354,-73.980895,6365.03,14.09,1,N
385,2023-11-21,16,4,40.748909,-74.01918,40.794165,-74.056894,6539.13,16.9,3,N
386,2023-03-19,7,2,40.640275,-73.974479,40.68909,-74.073172,12221.72,37.33,4,Y
387,2023-04-03,18,3,40.572017,-73.994992,40.603497,-73.931419,7874.3,27.72,2,N
388,2023-03-23,13,6,40.715167,-74.002344,40.693779,-74.055636,6374.08,13.38,4,N
389,2023-09-02,11,1,40.77763,-73.990339,40.771748,-73.984315,934.55,2.71,2,Y
390,2023-01-03,17,4,40.882918,-74.004863,40.959813,-74.01954,8689.39,29.44,4,N
391,2023-06-06,7,4,40.75046,-74.081259,40.729994,-74.003235,8953.7,27.87,2,N
392,2023-09-08,10,7,40.661118,-73.914228,40.773746,-73.869974,13432.14,28.36,2,N
393,2023-03-09,7,6,40.830207,-73.989732,40.886563,-73.934663,8746.17,29.25,3,N
394,2023-11-16,4,6,40.619192,-73.858799,40.616731,-73.864485,687.77,3.55,1,N
395,2023-07-14,6,7,40.710123,-73.850445,40.731121,-73.777324,8444.52,21.48,1,N
396,2023-05-19,16,7,40.718907,-74.037742,40.669292,-73.989622,7671.96,16.42,5,Y
397,2023-02-28,18,4,40.57577,-74.004053,40.592261,-74.096962,10474.11,35.78,4,N
398,2023-01-21,15,1,40.696977,-73.876914,40.656219,-73.913198,6057.12,14.79,1,N
399,2023-02-26,19,2,40.685114,-74.055636,40.735645,-74.023531,6645.35,22.28,3,N
400,2023-08-22,23,4,40.66722,-74.037859,40.720764,-74.01277,6563.47,16.35,1,N
401,2023-07-04,19,4,40.649921,-73.854753,40.719604,-73.807397,9351.91,34.3,2,N
402,2023-08-13,22,2,40.768384,-74.024656,40.84911,-74.056559,9635.01,23.08,1,N
403,2023-08-22,8,4,40.565936,-73.877691,40.588246,-73.946502,8029.42,26.87,1,N
404,2023-03-23,6,6,40.665928,-73.90859,40.635543,-73.957322,6374.56,14.35,5,N
405,2023-07-03,16,3,40.846599,-74.162508,40.831598,-74.266873,11703.61,23.61,4,N
406,2023-02-02,8,6,40.725081,-74.067332,40.796887,-74.104701,8985.23,26.38,5,N
407,2023-04-25,22,4,40.668941,-74.085594,40.592108,-74.096827,8619.16,22.17,2,N
408,2023-12-06,17,5,40.795742,-74.149272,40.858996,-74.287829,16906.73,51.09,1,Y
409,2023-03-22,13,5,40.597938,-73.983557,40.640224,-73.911639,9260.46,20.25,3,Y
410,2023-04-25,15,4,40.793761,-74.139284,40.857424,-74.091606,8828.67,21.19,5,N
411,2023-09-13,12,5,40.798954,-73.926403,40.785678,-73.945515,2583.01,5.49,1,N
412,2023-11-06,22,3,40.779597,-74.142447,40.699679,-74.209832,11603.46,24.59,4,N
413,2023-07-06,19,6,40.791161,-74.182234,40.749097,-74.107916,9478.99,28.37,3,N
414,2023-02-28,6,4,40.619491,-74.009592,40.616703,-74.053071,4836.06,14.41,3,N
415,2023-07-11,18,4,40.770225,-73.989012,40.820682,-73.927668,8816.64,28.78,5,N
416,2023-03-03,21,7,40.665992,-74.092425,40.700435,-74.076847,4196.05,7.78,1,N
417,2023-01-24,21,4,40.782435,-74.119688,40.790024,-74.173875,6073.41,11.93,2,N
418,2023-01-03,14,4,40.50293,-73.7828,40.538087,-73.75239,5159.72,10.87,5,N
419,2023-04-01,17,1,40.797619,-73.842966,40.855861,-73.798631,8124.82,25.49,4,N
420,2023-11-08,21,5,40.658276,-73.999789,40.618419,-73.870524,15015.08,31.33,4,N
421,2023-03-12,11,2,40.661476,-74.164007,40.637956,-74.089902,8630.09,21.78,5,N
422,2023-04-13,7,6,40.591695,-74.039806,40.517426,-74.016332,8645.78,27.93,2,N
423,2023-12-22,17,7,40.671101,-74.169915,40.609985,-74.195131,7338.62,27.46,5,N
424,2023-08-05,19,1,40.657334,-74.028396,40.655723,-73.982868,5056.77,20.03,2,N
425,2023-03-24,23,7,40.689931,-74.057415,40.770944,-74.024136,9721.64,22.65,3,N
426,2023-02-22,16,5,40.832449,-74.063947,40.775117,-74.052348,6492.74,18.33,4,N
427,2023-12-23,8,1,40.595867,-74.202295,40.500565,-74.120957,13907.48,45.93,5,Y
428,2023-05-09,7,4,40.699696,-73.871195,40.626872,-73.90468,8897.08,29.69,3,N
429,2023-10-07,18,1,40.765826,-73.854337,40.784796,-73.803165,6057.82,21.46,2,N
430,2023-03-03,10,7,40.708717,-74.120884,40.736408,-74.075573,5894.38,16.22,3,Y
431,2023-08-27,18,2,40.745331,-73.958257,40.738213,-73.943755,1793.16,10.4,3,N
432,2023-10-21,15,1,40.655801,-73.86532,40.69047,-73.989152,14273.79,30.25,5,Y
433,2023-09-16,7,1,40.614861,-74.033177,40.554247,-73.949089,11505.99,36.09,3,N
434,2023-11-13,14,3,40.636096,-73.819735,40.634124,-73.813133,764.87,4.0,3,N
435,2023-11-25,16,1,40.529859,-74.180258,40.511769,-74.220357,4883.0,16.43,4,N
436,2023-05-25,1,6,40.591419,-74.176608,40.582344,-74.235982,6667.0,15.62,4,Y
437,2023-11-30,7,6,40.470392,-74.027217,40.532444,-73.918594,13885.79,43.92,1,N
438,2023-11-19,18,2,40.709933,-73.936539,40.670514,-73.887202,7009.63,25.04,4,N
439,2023-02-06,18,3,40.775841,-73.914781,40.76533,-73.896141,2375.38,12.98,5,Y
440,2023-04-27,21,6,40.772263,-74.0976,40.802293,-74.133584,5202.47,13.89,4,N
441,2023-10-01,0,2,40.706091,-74.041518,40.705702,-74.056775,1694.07,6.98,5,Y
442,2023-12-18,9,3,40.636072,-73.860281,40.680096,-73.906621,7094.96,24.55,1,N
443,2023-10-01,7,2,40.709159,-74.18448,40.733618,-74.218383,4640.32,15.3,3,N
444,2023-01-06,15,7,40.650027,-74.054247,40.64133,-73.986903,7537.32,17.66,5,N
445,2023-02-13,9,3,40.710485,-74.22226,40.6818,-74.17939,5725.61,18.22,2,N
446,2023-11-12,19,2,40.617647,-73.984319,40.647363,-73.954301,4688.44,12.84,5,N
447,2023-10-09,5,3,40.676906,-74.07296,40.698289,-74.010611,7316.41,18.93,2,Y
448,2023-11-14,5,4,40.684618,-73.965905,40.738696,-74.000589,7131.17,19.35,5,N
449,2023-10-18,10,5,40.66999,-73.909303,40.707562,-73.908162,4172.44,11.43,4,N
450,2023-07-04,6,4,40.874276,-74.027898,40.772325,-74.073754,12408.61,27.75,3,N
451,2023-02-25,7,1,40.562275,-74.125245,40.579608,-74.146545,3048.21,10.13,1,N
452,2023-01-10,19,4,40.694019,-74.129913,40.626676,-74.205227,11214.42,34.51,2,N
453,2023-10-10,8,4,40.810738,-74.082973,40.794634,-74.106323,3148.49,8.66,5,N
454,2023-05-29,6,3,40.844561,-74.049569,40.844408,-74.054356,531.54,3.78,2,N
455,2023-11-11,17,1,40.715289,-74.060944,40.750189,-74.006541,7174.47,20.31,2,N
456,2023-09-05,21,4,40.631292,-73.842122,40.652561,-73.837639,2412.72,8.88,2,Y
457,2023-04-16,14,2,40.738328,-74.10177,40.828168,-74.152713,11463.89,28.23,1,N
458,2023-09-24,17,2,40.748679,-74.030209,40.830078,-74.087414,11043.3,34.4,4,N
459,2023-07-07,16,7,40.745103,-74.030024,40.743766,-73.895868,14892.05,32.63,3,N
460,2023-09-04,20,3,40.813364,-73.799424,40.817649,-73.833026,3760.04,10.55,5,N
461,2023-04-19,7,5,40.78743,-73.892609,40.817469,-73.959751,8164.65,25.45,1,N
462,2023-09-03,13,2,40.758563,-74.127503,40.719584,-74.159167,5574.31,14.44,2,N
463,2023-03-24,6,7,40.503009,-74.0227,40.521214,-73.998654,3347.82,11.33,4,N
464,2023-10-16,17,3,40.656341,-73.889413,40.600563,-73.836873,8505.54,23.64,2,N
465,2023-08-30,20,5,40.802958,-73.840611,40.731262,-73.893281,9874.87,22.79,5,N
466,2023-12-18,10,3,40.655543,-74.133974,40.674802,-74.127733,2247.19,8.95,1,Y
467,2023-09-25,20,3,40.608496,-74.008858,40.621772,-73.990691,2497.58,4.76,1,N
468,2023-09-30,13,1,40.733661,-73.921144,40.772276,-73.874692,6705.06,17.9,1,N
469,2023-12-14,17,6,40.61753,-74.019281,40.676683,-74.002723,6818.29,23.42,4,N
470,2023-12-23,15,1,40.891362,-74.074398,40.908655,-74.06348,2270.06,2.67,1,N
471,2023-10-06,11,7,40.771552,-73.860236,40.787654,-73.92391,7290.26,17.26,2,N
472,2023-06-11,11,2,40.720906,-73.92338,40.753612,-73.956829,5192.83,12.09,5,N
473,2023-07-07,16,7,40.813323,-74.011185,40.831502,-73.950476,7034.27,15.39,5,N
474,2023-05-10,23,5,40.690596,-74.158387,40.650161,-74.180248,5102.24,13.36,1,N
475,2023-08-17,18,6,40.756454,-74.020413,40.668763,-74.025015,9747.03,32.61,1,N
476,2023-11-22,0,5,40.5818,-73.958888,40.596976,-73.911124,5562.99,12.67,1,N
477,2023-07-09,5,2,40.808534,-73.982854,40.877191,-73.989584,7657.51,14.69,5,Y
478,2023-03-31,17,7,40.692047,-74.068249,40.704603,-74.118093,5705.46,16.61,3,N
479,2023-11-03,14,7,40.668815,-74.137017,40.647121,-74.178955,5241.04,9.92,1,N
480,2023-07-24,10,3,40.487334,-74.111023,40.527991,-74.192226,10080.19,22.3,1,N
481,2023-10-09,8,3,40.819484,-74.200738,40.745178,-74.095848,14268.23,44.85,2,N
482,2023-07-26,15,5,40.847463,-74.013131,40.898465,-73.997925,5907.49,14.8,3,N
483,2023-03-01,19,5,40.909658,-74.060907,40.934931,-74.121226,7259.33,22.49,5,N
484,2023-05-05,18,7,40.468512,-73.89845,40.45515,-73.962915,7307.65,25.07,1,N
485,2023-05-13,5,1,40.498554,-74.244934,40.482533,-74.277334,4011.96,8.52,5,N
486,2023-12-25,19,3,40.941269,-74.005516,40.963361,-74.048302,5344.94,15.24,1,N
487,2023-04-02,13,2,40.584405,-73.837297,40.569909,-73.716929,13457.34,27.62,4,N
488,2023-05-01,18,3,40.512482,-73.958557,40.488078,-73.947474,2975.13,12.88,5,N
489,2023-02-24,6,7,40.932785,-73.887771,40.927026,-73.887505,639.85,6.92,4,N
490,2023-06-11,13,2,40.51589,-73.793687,40.506098,-73.754249,4510.48,9.81,5,N
491,2023-04-24,18,3,40.797391,-73.917886,40.692445,-73.862889,13151.67,43.76,2,N
492,2023-03-03,18,7,40.731567,-74.154095,40.750544,-74.11979,4351.7,15.66,5,Y
493,2023-07-05,16,5,40.705117,-73.880114,40.709674,-73.823843,6266.44,13.59,4,N
494,2023-08-03,18,6,40.650541,-74.142428,40.721101,-74.148257,7858.86,27.31,2,N
495,2023-12-18,8,3,40.777015,-73.959425,40.781754,-73.906438,5905.05,19.39,2,N
496,2023-01-05,7,6,40.75101,-74.335165,40.751425,-74.299895,3915.15,12.29,3,N
497,2023-06-03,8,1,40.732503,-74.030279,40.756774,-74.012883,3314.61,12.77,1,N
498,2023-06-21,8,5,40.787609,-74.087585,40.836726,-74.070675,5766.02,18.09,4,Y
499,2023-12-14,22,6,40.754089,-73.881699,40.73575,-73.906654,3437.53,9.73,5,N
500,2023-08-17,20,6,40.620826,-74.066277,40.648749,-74.085205,3744.37,9.16,2,N
501,2023-06-22,12,6,40.635263,-74.072063,40.6522,-74.083253,2253.28,6.04,3,N
502,2023-11-06,17,3,40.784953,-74.020442,40.83872,-73.989524,6884.51,21.71,5,N
503,2023-08-19,11,1,40.721525,-73.986218,40.711273,-74.059148,8174.82,21.74,1,N
504,2023-07-23,6,2,40.656018,-73.816882,40.696088,-73.827909,4613.16,11.59,4,N
505,2023-02-12,6,2,40.681864,-74.034364,40.727044,-74.055076,5516.85,13.96,4,N
506,2023-03-09,14,6,40.875002,-73.993201,40.886749,-74.062301,7780.18,21.54,4,N
507,2023-10-04,21,5,40.661406,-74.022181,40.720422,-74.041979,6909.61,14.46,5,N
508,2023-11-24,17,7,40.653139,-74.039814,40.696108,-74.127389,10827.9,34.09,4,N
509,2023-07-31,8,3,40.712351,-74.004717,40.751105,-74.093688,10771.93,33.56,1,N
510,2023-09-09,21,1,40.806328,-74.019406,40.807301,-74.057122,4187.92,11.58,2,N
511,2023-10-08,10,2,40.603783,-73.938472,40.580222,-73.920137,3313.8,8.97,4,N
512,2023-02-10,12,7,40.613743,-73.994854,40.698596,-73.918223,12691.05,25.94,3,N
513,2023-09-30,19,1,40.545432,-73.90402,40.562469,-73.866346,4589.55,14.46,3,N
514,2023-09-09,7,1,40.60769,-73.974329,40.60963,-74.005629,3481.02,12.66,1,N
515,2023-03-06,18,3,40.702364,-74.078052,40.736444,-74.030718,6474.2,20.98,4,N
516,2023-08-26,17,1,40.785198,-73.965914,40.789249,-73.965814,449.75,2.73,3,N
517,2023-02-06,14,3,40.801388,-73.812708,40.801364,-73.763689,5441.17,18.79,2,N
518,2023-08-15,8,4,40.734261,-73.939388,40.733117,-73.941434,260.14,2.4,2,N
519,2023-12-15,22,7,40.766914,-74.028928,40.755651,-74.110783,9171.49,19.87,4,N
520,2023-04-12,10,5,40.697155,-73.865632,40.720981,-73.829464,4807.49,11.87,4,N
521,2023-03-27,19,3,40.626297,-74.056936,40.632013,-73.92537,14617.6,43.68,5,N
522,2023-02-15,8,5,40.638085,-74.158196,40.638124,-74.227919,7739.22,30.21,1,Y
523,2023-11-27,7,3,40.666371,-74.016793,40.622859,-74.013463,4843.97,14.35,3,N
524,2023-08-13,18,2,40.661234,-73.909465,40.667749,-73.915549,989.47,3.97,1,N
525,2023-08-13,15,2,40.600896,-74.03679,40.543689,-74.062276,6951.61,15.4,5,N
526,2023-10-11,7,5,40.813382,-74.11316,40.802763,-74.086777,3156.87,9.71,4,Y
527,2023-11-23,13,6,40.69157,-74.212032,40.656835,-74.244542,5280.82,11.78,1,N
528,2023-10-03,19,4,40.652521,-73.950066,40.722988,-73.947211,7828.3,24.83,3,N
529,2023-11-25,9,1,40.833451,-73.922606,40.946864,-73.890599,13080.57,41.96,1,N
530,2023-02-20,2,3,40.735517,-74.068385,40.696955,-74.138177,8850.7,20.38,5,N
531,2023-07-07,7,7,40.709543,-74.021901,40.773758,-74.056662,8105.22,30.22,4,N
532,2023-02-01,10,5,40.630658,-74.014616,40.525599,-73.975738,12434.46,24.17,1,N
533,2023-05-17,14,5,40.694122,-74.194737,40.724896,-74.178335,3870.85,9.32,2,N
534,2023-04-08,7,1,40.707158,-74.077757,40.653002,-74.017274,9011.64,28.71,5,N
535,2023-02-24,18,7,40.57998,-74.075327,40.564479,-74.125772,5857.82,22.89,5,N
536,2023-06-22,17,6,40.8207,-74.138298,40.806393,-74.039691,11060.03,33.93,5,N
537,2023-06-16,19,7,40.592108,-73.931876,40.61246,-73.971113,4906.34,17.37,4,N
538,2023-05-11,10,6,40.838192,-74.2483,40.875543,-74.235019,4400.27,11.3,3,N
539,2023-09-23,6,1,40.721661,-74.0133,40.756268,-74.016704,3859.91,8.86,3,N
540,2023-09-19,15,4,40.870541,-73.954188,40.85753,-73.908621,5260.1,13.46,2,N
541,2023-10-26,8,6,40.709485,-73.921554,40.650868,-73.949357,7201.32,24.27,3,N
542,2023-03-30,13,6,40.75205,-73.880528,40.705879,-73.871058,5231.64,12.15,3,Y
543,2023-10-23,11,3,40.755282,-74.227773,40.703231,-74.138985,11424.2,21.12,1,N
544,2023-04-27,18,6,40.805375,-73.871542,40.712202,-73.918679,11590.4,35.16,1,N
545,2023-01-22,9,2,40.63113,-74.041289,40.621836,-74.068584,3200.65,8.92,4,N
546,2023-10-22,13,2,40.407053,-73.991565,40.447782,-74.012533,5084.85,13.33,1,N
547,2023-01-26,15,6,40.704852,-73.90548,40.633954,-73.87453,8586.91,19.85,2,N
548,2023-11-30,15,6,40.598611,-74.322714,40.534565,-74.359531,8199.99,18.67,3,N
549,2023-06-15,17,6,40.669405,-74.028461,40.628589,-74.003829,5291.75,19.05,1,N
550,2023-03-28,23,4,40.798362,-74.232495,40.696966,-74.258737,11625.75,26.15,1,N
551,2023-04-30,7,2,40.594617,-73.886053,40.609308,-73.905552,2709.88,15.22,2,N
552,2023-05-28,0,2,40.794757,-74.022799,40.771969,-74.033002,2771.43,8.18,2,N
553,2023-04-19,7,5,40.636257,-74.01727,40.555814,-74.008658,8980.2,31.4,1,N
554,2023-12-06,14,5,40.832991,-74.007207,40.850586,-73.983667,3262.18,11.97,3,Y
555,2023-12-02,21,1,40.847083,-73.946283,40.789653,-74.040641,12261.2,26.41,3,N
556,2023-11-29,11,5,40.749577,-73.887764,40.74203,-73.914881,3124.35,4.56,4,N
557,2023-09-30,6,1,40.795192,-73.758391,40.721918,-73.787769,8762.76,24.41,3,N
558,2023-07-21,18,7,40.768671,-73.855156,40.777416,-73.881239,3053.63,13.0,5,N
559,2023-02-01,16,5,40.864888,-74.151217,40.869734,-74.162445,1357.4,3.69,2,N
560,2023-07-21,17,7,40.685361,-73.922415,40.711078,-73.855669,7939.73,25.64,2,N
561,2023-10-21,7,1,40.92837,-74.046369,40.898504,-73.99146,6938.15,23.61,5,N
562,2023-04-14,20,7,40.765417,-74.062617,40.838251,-74.089271,8608.98,19.56,2,N
563,2023-10-17,21,4,40.660266,-73.889642,40.684068,-73.897608,2786.1,6.38,1,N
564,2023-07-31,22,3,40.900296,-74.060429,40.978423,-74.029443,9329.26,18.6,3,N
565,2023-04-07,6,7,40.780384,-73.850502,40.750344,-73.87599,4373.05,9.92,2,N
566,2023-01-14,10,1,40.68317,-74.049122,40.630518,-74.117237,9556.26,21.57,3,N
567,2023-07-18,13,4,40.755359,-73.956162,40.838657,-73.939059,9438.95,22.96,4,N
568,2023-12-10,23,2,40.720271,-74.004193,40.701796,-73.873561,14644.48,29.21,5,N
569,2023-06-16,20,7,40.793156,-74.074555,40.804375,-74.142051,7594.85,19.13,4,N
570,2023-10-20,16,7,40.570287,-74.20768,40.554165,-74.19374,2365.68,4.87,4,N
571,2023-01-22,20,2,40.71614,-73.881795,40.730216,-73.88323,1570.62,3.05,1,N
572,2023-08-14,11,3,40.823436,-74.069023,40.911739,-74.119878,11310.83,25.63,5,N
573,2023-12-20,14,5,40.830723,-73.8593,40.754306,-73.835369,8888.54,22.91,5,Y
574,2023-07-31,9,3,40.826158,-73.897385,40.834728,-73.812707,9447.34,28.27,4,Y
575,2023-06-15,17,6,40.861732,-74.104283,40.856664,-74.129456,2850.23,12.7,3,Y
576,2023-12-29,11,7,40.784615,-73.975448,40.726732,-73.929078,8232.41,18.36,4,Y
577,2023-03-29,21,5,40.57826,-74.064715,40.637448,-73.983152,11186.17,26.24,4,N
578,2023-08-17,8,6,40.855095,-73.915764,40.952074,-73.911687,10774.18,34.78,3,Y
579,2023-09-12,20,4,40.702459,-74.008899,40.729749,-74.033668,4090.84,8.75,4,N
580,2023-11-04,16,1,40.652596,-74.001818,40.715514,-74.048429,8691.56,18.14,2,Y
581,2023-03-17,5,7,40.680133,-73.960451,40.744462,-73.947158,7291.31,15.65,1,Y
582,2023-08-02,23,5,40.6586,-73.962747,40.693318,-74.003931,5979.0,11.83,5,N
583,2023-04-01,22,1,40.712405,-74.100507,40.79578,-74.081407,9494.32,19.6,1,N
584,2023-10-09,5,3,40.904299,-74.056161,40.908951,-74.027808,3189.26,7.5,4,N
585,2023-12-23,7,1,40.834364,-73.959466,40.895199,-73.967404,6809.94,25.66,5,N
586,2023-12-28,8,6,40.796794,-74.073619,40.769236,-74.234388,18105.69,55.78,3,N
587,2023-11-11,15,1,40.572511,-74.023459,40.541055,-74.021977,3495.51,7.06,2,Y
588,2023-01-13,13,7,40.613154,-73.958665,40.53488,-73.940357,8922.87,23.01,4,N
589,2023-06-20,10,4,40.73663,-74.070853,40.68808,-74.130006,8494.36,19.47,3,N
590,2023-06-15,18,6,40.750268,-73.938024,40.779794,-73.989538,6590.65,23.85,1,N
591,2023-04-10,9,3,40.634384,-73.878821,40.7116,-73.923728,9915.11,30.85,4,N
592,2023-10-02,20,3,40.621951,-74.184384,40.643382,-74.169124,2920.31,8.04,5,N
593,2023-12-14,9,6,40.646189,-74.021279,40.610843,-74.103658,9950.2,33.78,2,N
594,2023-01-16,9,3,40.652368,-74.093548,40.696009,-74.059183,6165.82,23.35,2,N
595,2023-06-07,18,5,40.702804,-73.9827,40.65256,-73.952503,6506.88,22.19,3,N
596,2023-06-04,7,2,40.822134,-74.025426,40.831943,-74.018891,1308.3,7.27,5,Y
597,2023-09-05,20,4,40.764487,-73.930885,40.663288,-73.920338,11293.98,24.43,1,N
598,2023-09-22,17,7,40.795524,-73.898084,40.854986,-73.974599,10756.17,35.57,5,Y
599,2023-06-09,21,7,40.661049,-74.129952,40.708943,-74.100777,6224.92,17.27,3,Y
600,2023-06-09,17,7,40.747463,-73.989298,40.779858,-74.003336,3918.96,16.66,4,N
601,2023-05-20,7,1,40.710205,-73.988658,40.667185,-74.030581,6667.73,23.0,3,N
602,2023-12-27,19,5,40.802238,-74.060776,40.788481,-74.100477,4663.87,20.4,5,N
603,2023-03-08,2,5,40.739219,-74.024372,40.723426,-74.010199,2355.39,4.78,5,N
604,2023-12-20,18,5,40.8109,-74.070452,40.782012,-74.037972,4824.92,14.09,5,Y
605,2023-08-27,15,2,40.863045,-73.906744,40.855866,-73.928194,2510.71,6.46,4,N
606,2023-04-25,7,4,40.846376,-73.944742,40.822833,-73.965554,3487.93,13.93,3,N
607,2023-06-16,12,7,40.82433,-73.984533,40.791238,-73.939841,6172.68,16.48,5,N
608,2023-09-18,6,3,40.862995,-73.932485,40.781659,-73.965704,9752.35,24.58,3,N
609,2023-07-25,16,4,40.718161,-73.931452,40.749204,-73.883194,6369.23,16.49,5,N
610,2023-08-11,15,7,40.740357,-74.090265,40.804761,-74.055687,8114.03,21.36,5,N
611,2023-02-28,16,4,40.588971,-73.976607,40.602582,-74.004602,3455.26,10.14,1,N
612,2023-11-02,18,6,40.702405,-74.090575,40.742663,-74.102228,4652.15,15.72,2,N
613,2023-11-22,19,5,40.719338,-74.15292,40.679627,-74.140832,4607.57,14.69,2,N
614,2023-06-12,9,3,40.640507,-73.964504,40.567982,-73.862108,13928.07,41.98,3,N
615,2023-10-26,0,6,40.814199,-74.014672,40.843234,-73.984689,4632.85,10.05,1,Y
616,2023-10-14,19,1,40.8052,-74.131959,40.882069,-74.107626,8949.81,28.25,5,N
617,2023-06-12,18,3,40.624006,-73.946494,40.631452,-73.916548,3425.27,14.41,3,N
618,2023-03-20,8,3,40.810432,-73.969897,40.791859,-73.897797,8264.37,27.5,2,N
619,2023-09-07,17,6,40.766156,-74.014459,40.82508,-73.945714,10050.24,35.35,5,N
620,2023-11-16,7,6,40.549829,-74.132512,40.546082,-74.177073,4963.72,17.97,2,N
621,2023-01-04,15,5,40.754804,-74.066325,40.703375,-74.066883,5708.97,12.09,1,N
622,2023-12-27,10,5,40.685448,-74.229663,40.623722,-74.158757,10435.09,24.93,5,N
623,2023-05-24,13,5,40.897998,-73.906845,40.946036,-73.877013,6276.73,14.79,1,N
624,2023-10-04,19,5,40.459013,-74.018602,40.474224,-74.066742,5604.04,22.2,4,N
625,2023-08-29,15,4,40.667075,-73.924669,40.708442,-73.930487,4636.93,13.3,5,N
626,2023-10-16,8,3,40.846675,-74.096359,40.798986,-74.161911,8998.07,28.2,3,N
627,2023-11-16,1,6,40.660959,-74.001021,40.738455,-73.960385,9712.91,21.89,3,N
628,2023-01-08,18,2,40.851106,-74.180445,40.784478,-74.185526,7417.19,21.82,3,N
629,2023-05-14,18,2,40.718271,-73.943081,40.705491,-73.945302,1439.8,12.03,5,N
630,2023-03-20,19,3,40.686662,-74.004209,40.635064,-74.058787,8336.95,29.48,2,N
631,2023-06-26,5,3,40.696085,-73.821705,40.748913,-73.80361,6198.38,12.65,5,N
632,2023-12-16,18,1,40.729722,-74.061293,40.734174,-74.055995,768.11,4.58,4,N
633,2023-06-11,22,2,40.700952,-74.032406,40.762865,-74.067611,7905.67,20.36,3,N
634,2023-05-17,19,5,40.683896,-74.010447,40.750097,-74.083214,10919.52,35.98,2,N
635,2023-10-29,18,2,40.563493,-74.024816,40.606802,-74.026664,4811.65,17.2,1,Y
636,2023-02-20,14,3,40.713667,-74.042695,40.6709,-74.048595,4792.02,10.58,1,Y
637,2023-02-17,5,7,40.536942,-74.124127,40.550937,-74.057961,7506.89,21.14,1,N
638,2023-03-08,10,5,40.887087,-73.993435,40.815116,-73.98295,8073.11,17.44,1,N
639,2023-05-10,8,5,40.691638,-74.039568,40.535045,-73.992409,18152.93,57.33,3,N
640,2023-02-07,8,4,40.560417,-73.914328,40.579365,-73.875693,4776.48,16.79,3,N
641,2023-02-05,13,2,40.836497,-74.065555,40.86179,-74.013141,6459.91,17.54,2,N
642,2023-02-24,21,7,40.847264,-74.016071,40.824466,-73.957703,6955.58,17.56,3,N
643,2023-01-10,20,4,40.797689,-73.890911,40.865124,-73.921158,8203.68,18.59,4,N
644,2023-09-21,18,6,40.867161,-73.991002,40.810631,-74.0574,9679.47,33.37,1,N
645,2023-01-02,11,3,40.648006,-74.167458,40.692809,-74.124743,6871.12,18.04,3,N
646,2023-11-20,23,3,40.708049,-74.063461,40.669996,-74.035898,5215.51,11.48,4,N
647,2023-05-29,17,3,40.725404,-73.98063,40.701098,-73.958973,3613.56,11.92,3,N
648,2023-11-20,12,3,40.512024,-73.99599,40.524542,-73.83045,18427.36,40.42,2,N
649,2023-02-02,19,6,40.639742,-74.098265,40.728917,-74.118225,10143.4,33.29,3,Y
650,2023-01-22,11,2,40.709007,-73.971265,40.779737,-74.088651,15212.43,32.24,5,Y
651,2023-10-24,8,4,40.85946,-73.934684,40.849674,-73.934,1088.91,8.08,2,N
652,2023-03-08,0,5,40.63636,-74.151753,40.556107,-74.142026,8973.36,19.63,5,N
653,2023-10-30,5,3,40.733056,-74.050884,40.675863,-74.089739,7674.85,19.09,3,N
654,2023-12-14,11,6,40.738792,-73.895862,40.79103,-73.938089,7456.06,16.91,2,N
655,2023-10-31,7,4,40.786577,-73.975048,40.788016,-74.005344,3366.65,11.78,2,N
656,2023-01-21,6,1,40.756597,-73.969921,40.688219,-73.990785,7935.45,19.19,4,Y
657,2023-01-04,7,5,40.835855,-73.928835,40.875178,-73.962671,5758.3,20.99,2,N
658,2023-11-24,8,7,40.551779,-74.076394,40.563112,-74.041379,4085.19,17.49,5,N
659,2023-09-13,16,5,40.872061,-73.907686,40.855592,-73.85827,5781.79,12.84,5,N
660,2023-11-13,10,3,40.689645,-73.997297,40.62751,-73.980843,7134.65,20.14,2,N
661,2023-04-10,6,3,40.826826,-73.850668,40.876645,-73.881636,6511.21,17.95,1,N
662,2023-05-26,7,7,40.903656,-74.007203,40.972908,-73.964857,9010.2,28.13,1,N
663,2023-10-03,7,4,40.738281,-74.118361,40.817451,-74.047616,11785.22,37.38,3,N
664,2023-12-13,20,5,40.580926,-73.999964,40.604891,-73.994846,2720.09,9.4,4,N
665,2023-07-12,20,5,40.831536,-73.946876,40.881949,-73.928962,5938.56,14.96,2,N
666,2023-03-11,12,1,40.846838,-73.973606,40.891088,-73.97919,4950.74,14.2,1,N
667,2023-01-31,8,4,40.798549,-73.93405,40.724948,-73.892511,9381.08,30.96,2,N
668,2023-11-23,22,6,40.794945,-73.89707,40.758219,-73.931227,5567.15,13.16,4,N
669,2023-09-08,20,7,40.736506,-73.89524,40.728192,-73.893259,948.71,1.0,2,N
670,2023-10-24,7,4,40.801407,-73.788867,40.748204,-73.697288,11756.25,35.56,4,N
671,2023-01-21,23,1,40.700524,-74.12382,40.655812,-74.101285,5557.79,14.75,1,N
672,2023-05-04,6,6,40.569087,-74.003027,40.492243,-74.032227,9124.71,21.53,3,N
673,2023-11-28,23,4,40.860766,-73.99114,40.889944,-73.943992,6154.54,12.42,4,N
674,2023-03-12,20,2,40.656148,-74.152315,40.705624,-74.190664,6948.41,18.02,1,N
675,2023-02-06,11,3,40.668045,-74.120615,40.643919,-74.040568,9280.0,20.18,5,N
676,2023-12-17,5,2,40.582371,-73.886476,40.526846,-73.773007,14022.09,32.17,3,N
677,2023-02-26,11,2,40.684591,-73.99976,40.636312,-73.945982,8022.06,17.83,2,Y
678,2023-06-21,8,5,40.589648,-73.919726,40.626989,-73.858612,7949.72,25.37,2,N
679,2023-04-26,9,5,40.807634,-74.0768,40.792824,-74.06901,1857.37,6.54,5,N
680,2023-03-04,13,1,40.791462,-74.189082,40.772862,-74.144828,5328.39,11.86,3,N
681,2023-12-21,19,6,40.747132,-74.019375,40.790183,-74.054131,6141.51,24.67,3,N
682,2023-02-09,6,6,40.815926,-74.031081,40.892177,-74.133019,14130.44,30.85,5,N
683,2023-01-12,8,6,40.835397,-74.029726,40.866549,-73.995695,5121.17,15.16,3,N
684,2023-01-12,20,6,40.762498,-73.979103,40.883117,-74.010753,13841.97,28.56,3,N
685,2023-06-17,13,1,40.650802,-74.112131,40.598008,-74.128725,6142.74,10.89,3,N
686,2023-05-14,8,2,40.625122,-74.063154,40.654833,-74.047152,3745.87,12.8,3,N
687,2023-03-27,16,3,40.778619,-73.901139,40.791435,-73.872859,3446.43,8.26,2,N
688,2023-03-01,3,5,40.503433,-74.027139,40.52719,-74.029226,2647.11,9.07,5,N
689,2023-12-07,9,6,40.659077,-73.925705,40.63022,-73.933088,3306.33,10.99,4,N
690,2023-03-16,21,6,40.926093,-73.953638,40.91333,-73.891892,6998.69,16.03,5,N
691,2023-12-28,8,6,40.922652,-74.166723,40.926838,-74.326778,17772.16,54.03,4,N
692,2023-02-27,18,3,40.557402,-73.961631,40.541321,-74.002362,4860.76,16.54,4,N
693,2023-04-23,12,2,40.740925,-73.98753,40.699168,-74.038862,7344.91,18.01,3,N
694,2023-02-12,14,2,40.943471,-74.146547,40.968543,-74.095471,6315.65,16.38,2,N
695,2023-11-05,16,2,40.917789,-74.082134,40.899608,-74.060454,3140.59,9.95,3,Y
696,2023-06-26,10,3,40.636451,-73.804367,40.622118,-73.735614,7795.69,19.78,4,N
697,2023-08-01,19,4,40.669291,-73.830298,40.720889,-73.840019,5828.06,20.86,5,N
698,2023-03-15,7,5,40.679584,-74.204513,40.695552,-74.186085,2706.65,10.56,5,N
699,2023-02-15,0,5,40.661403,-74.067188,40.686716,-74.017591,6180.82,10.82,2,N
700,2023-07-15,8,1,40.620926,-74.191711,40.626425,-74.212997,2440.31,12.33,4,N
701,2023-08-26,7,1,40.727613,-74.061909,40.705438,-73.993908,7939.39,25.64,3,N
702,2023-09-09,21,1,40.67384,-74.020749,40.664359,-74.015367,1210.13,2.6,1,N
703,2023-07-05,15,5,40.528278,-74.086642,40.488844,-74.127589,6310.14,14.77,5,N
704,2023-01-09,19,3,40.665395,-73.987921,40.680219,-74.03143,5102.12,21.52,2,N
705,2023-01-28,8,1,40.519876,-73.899171,40.494319,-73.86664,4592.02,11.66,5,N
706,2023-11-18,7,1,40.669386,-73.867469,40.716147,-73.965135,12019.42,37.46,3,N
707,2023-12-24,17,2,40.82136,-73.931388,40.824942,-73.938605,894.28,3.26,4,N
708,2023-03-25,6,1,40.701792,-73.9661,40.730972,-73.925866,5516.82,17.48,5,N
709,2023-09-27,19,5,40.676506,-74.157373,40.693365,-74.206532,5768.6,20.67,2,N
710,2023-09-03,10,2,40.687734,-74.025805,40.662233,-74.164188,15619.15,35.85,5,N
711,2023-06-25,7,2,40.657153,-73.850466,40.676444,-73.832668,2913.47,10.19,3,Y
712,2023-03-08,23,5,40.569434,-74.157104,40.608046,-74.149664,4364.78,11.48,4,N
713,2023-01-22,7,2,40.85654,-73.975957,40.809645,-74.007047,6245.41,21.74,3,N
714,2023-02-19,18,2,40.696629,-73.946556,40.680313,-73.920562,3406.7,11.98,3,Y
715,2023-03-16,19,6,40.940502,-74.093114,40.923441,-74.068948,3283.58,9.12,2,N
716,2023-02-04,6,1,40.712156,-74.020801,40.7082,-74.014088,864.89,5.51,3,N
717,2023-10-03,0,4,40.677757,-74.230441,40.76344,-74.277211,10835.45,21.11,2,N
718,2023-02-24,7,7,40.737285,-74.065804,40.775924,-74.057806,4379.79,17.04,1,N
719,2023-06-10,6,1,40.754379,-73.971463,40.760396,-74.049329,8668.91,19.3,3,N
720,2023-07-17,8,3,40.702684,-74.075843,40.677182,-74.022277,6585.28,21.93,5,N
721,2023-08-08,7,4,40.886539,-73.924765,40.812028,-73.913288,8368.26,30.74,4,N
722,2023-07-22,12,1,41.042428,-74.02891,41.024737,-73.997494,4002.0,12.09,5,N
723,2023-03-28,5,4,40.802632,-74.020108,40.676179,-74.106,16968.1,39.17,4,N
724,2023-10-25,16,5,40.845828,-73.998886,40.756055,-73.954924,11095.47,24.04,5,N
725,2023-09-06,14,5,40.778987,-73.917993,40.820693,-73.877733,6434.43,15.94,1,Y
726,2023-01-28,19,1,40.949994,-74.029285,40.95013,-73.999935,3257.87,14.73,3,N
727,2023-11-15,16,5,40.722195,-74.152805,40.664443,-74.160082,6461.13,13.79,4,N
728,2023-05-14,14,2,40.730464,-73.960468,40.672411,-73.876027,11374.31,25.63,4,N
729,2023-03-02,11,6,40.674454,-73.916711,40.661942,-73.91347,1434.69,1.65,3,N
730,2023-03-26,13,2,40.643634,-73.900729,40.702951,-73.924721,7102.41,16.78,4,N
731,2023-12-17,14,2,40.586565,-73.98177,40.595967,-73.967686,1879.65,6.03,4,N
732,2023-06-30,18,7,40.846054,-74.013644,40.863442,-74.035717,3118.99,11.29,3,N
733,2023-10-26,1,6,40.78369,-74.063645,40.821356,-74.037226,5106.84,11.55,2,N
734,2023-11-28,9,4,40.785453,-73.874601,40.824275,-73.857843,4693.57,15.86,2,Y
735,2023-06-16,3,7,40.655418,-74.093677,40.603357,-74.098519,5803.67,16.34,1,N
736,2023-07-13,15,6,40.727199,-74.025932,40.747567,-74.102342,8777.7,20.28,2,N
737,2023-09-15,19,7,40.682848,-74.058425,40.642419,-73.932712,14658.02,47.32,1,N
738,2023-10-02,7,3,40.848385,-74.013987,40.890198,-74.09487,10106.68,31.21,5,N
739,2023-02-17,18,7,40.594758,-74.06916,40.585302,-74.005214,7175.18,21.95,3,N
740,2023-11-30,19,6,40.692329,-74.090409,40.691099,-74.112839,2493.52,8.5,4,N
741,2023-11-16,14,6,40.65321,-74.116956,40.704728,-74.164791,7803.39,16.83,4,N
742,2023-08-28,8,3,40.706261,-74.12379,40.636928,-74.058233,10591.51,30.79,5,N
743,2023-01-31,14,4,40.6756,-73.963415,40.720107,-73.901772,8439.49,18.71,3,N
744,2023-02-02,17,6,40.814432,-73.961309,40.781977,-73.968133,3681.21,14.7,5,N
745,2023-05-03,6,5,40.739595,-73.935869,40.765646,-73.985275,6199.72,12.91,1,N
746,2023-05-20,6,1,40.673503,-74.015514,40.76358,-74.032402,10172.73,21.8,1,N
747,2023-09-06,18,5,40.913049,-73.93344,40.896612,-73.894726,4668.55,21.1,3,N
748,2023-02-16,11,6,40.809696,-73.903127,40.728432,-73.89743,9042.49,23.18,5,N
749,2023-09-25,17,3,40.561636,-74.089623,40.503803,-74.09888,6501.2,24.29,3,N
750,2023-10-27,18,7,40.785497,-73.949264,40.70799,-73.917039,9317.24,29.9,1,N
751,2023-05-21,12,2,40.70919,-73.872607,40.660826,-73.869674,5378.24,14.91,4,N
752,2023-05-07,22,2,40.685171,-73.835175,40.60439,-73.886864,10645.19,26.2,3,Y
753,2023-11-07,2,4,40.700935,-74.184724,40.806089,-74.147111,12396.37,26.57,4,N
754,2023-12-25,10,3,40.645505,-73.986548,40.62192,-73.920354,7799.98,15.17,4,Y
755,2023-07-21,21,7,40.786407,-74.047724,40.863831,-74.080467,9331.03,20.0,2,N
756,2023-11-20,9,3,40.90216,-73.951178,40.835686,-73.941393,7458.13,23.32,1,N
757,2023-09-09,13,1,40.548951,-73.906245,40.528131,-74.006419,11356.86,26.81,3,N
758,2023-06-30,12,7,40.544149,-74.022392,40.481698,-74.058144,7987.7,21.21,1,N
759,2023-04-05,17,5,40.726587,-74.058304,40.669506,-74.017194,7808.19,25.6,2,N
760,2023-11-29,18,5,40.750951,-73.918932,40.68856,-73.90732,7044.35,21.94,4,N
761,2023-03-10,8,7,40.641107,-74.178981,40.651296,-74.21066,3693.77,12.49,4,N
762,2023-10-20,7,7,40.745228,-73.79142,40.708953,-73.833699,6183.61,18.81,1,N
763,2023-04-12,8,5,40.73188,-74.031637,40.681935,-74.077373,7517.22,28.03,2,N
764,2023-03-02,0,6,40.915835,-74.176036,40.90191,-74.091688,9489.33,19.85,4,Y
765,2023-04-15,7,1,40.825707,-74.139148,40.811914,-74.082425,6479.73,24.63,5,N
766,2023-05-25,18,6,40.85657,-73.982547,40.885844,-73.979362,3268.66,11.84,3,N
767,2023-08-19,21,1,40.609107,-73.895073,40.602152,-73.893201,799.43,5.28,4,N
768,2023-07-16,18,2,40.778423,-74.012709,40.740097,-73.998336,4543.46,16.52,3,N
769,2023-08-30,21,5,40.949485,-74.01085,41.015581,-74.024663,7495.09,17.48,3,N
770,2023-07-15,9,1,40.68228,-74.081962,40.711857,-74.019216,7699.73,25.09,5,N
771,2023-03-28,13,4,40.898541,-74.092937,40.928061,-74.060732,4849.35,11.11,1,N
772,2023-03-07,13,4,40.702293,-73.925907,40.695529,-73.959856,3842.44,11.81,3,N
773,2023-05-16,14,4,40.657573,-73.98242,40.652782,-74.040353,6452.56,17.83,4,Y
774,2023-03-18,5,1,40.673478,-73.960026,40.72494,-73.931031,6556.59,17.53,1,N
775,2023-09-11,3,3,40.615311,-73.882766,40.557287,-73.877355,6468.65,17.71,1,N
776,2023-04-15,20,1,40.5473,-73.980378,40.574818,-74.020226,5375.4,13.16,5,N
777,2023-01-03,14,4,40.619112,-74.050654,40.694842,-74.010961,9490.7,19.63,1,N
778,2023-12-15,6,7,40.525473,-74.167221,40.607558,-74.132472,9894.13,23.38,1,Y
779,2023-12-29,17,7,40.47389,-73.93505,40.469413,-73.938061,598.9,7.17,4,N
780,2023-10-19,6,6,40.685212,-73.88853,40.61712,-73.906919,7828.98,21.66,1,N
781,2023-11-05,11,2,40.662409,-73.968834,40.760161,-73.990652,11117.49,28.05,2,N
782,2023-07-26,8,5,40.816762,-74.003658,40.743919,-73.961459,9344.37,32.13,4,N
783,2023-06-08,20,6,40.637737,-74.06311,40.677128,-74.035936,5311.83,13.8,4,N
784,2023-10-16,16,3,40.816048,-73.917596,40.844186,-73.939318,3945.67,11.34,4,Y
785,2023-09-20,10,5,40.643403,-73.989811,40.632083,-74.016539,3221.88,6.13,5,Y
786,2023-08-28,12,3,40.716941,-73.910867,40.685571,-73.895314,3886.61,11.11,3,N
787,2023-09-25,12,3,40.597805,-74.058826,40.649898,-74.088625,6661.58,13.76,4,N
788,2023-10-19,19,6,40.705897,-74.087652,40.758218,-74.086593,5808.82,19.57,4,N
789,2023-04-04,19,4,40.812391,-73.976891,40.800119,-74.018525,4817.96,16.41,4,N
790,2023-05-16,9,4,40.54673,-73.847345,40.501886,-73.842458,5007.17,18.3,5,N
791,2023-12-11,6,3,40.702222,-74.008321,40.72503,-73.987781,3407.02,6.28,5,N
792,2023-06-05,16,3,40.734781,-73.91267,40.727066,-73.947938,4007.24,7.8,4,N
793,2023-02-14,6,4,40.761336,-74.001758,40.893416,-73.988531,14734.29,32.84,2,N
794,2023-08-12,19,1,40.659735,-73.927816,40.611371,-73.854363,9761.98,33.55,2,N
795,2023-01-12,6,6,40.846806,-74.100288,40.792574,-74.080865,6394.21,17.46,2,N
796,2023-10-19,19,6,40.726241,-74.076074,40.754589,-73.998572,9160.15,32.31,4,N
797,2023-09-11,18,3,40.608031,-74.078012,40.593381,-74.022087,6417.14,19.09,5,N
798,2023-09-07,8,6,40.724464,-73.987811,40.728111,-74.04411,6262.26,20.11,3,N
799,2023-08-02,20,5,40.816398,-73.912397,40.783294,-73.955734,6053.3,13.51,2,N
800,2023-08-13,8,2,40.735937,-73.964565,40.843451,-74.000631,12587.58,42.56,4,Y
801,2023-05-31,18,5,40.632621,-73.939985,40.700413,-73.966238,8069.44,25.26,2,N
802,2023-05-25,17,6,40.799808,-73.907586,40.829409,-73.894073,3611.84,14.37,4,Y
803,2023-08-01,21,4,40.639711,-74.003117,40.461813,-74.069485,21076.14,43.67,2,N
804,2023-09-15,2,7,40.773078,-73.908246,40.793744,-73.926996,3097.35,8.01,2,N
805,2023-06-24,18,1,40.733621,-74.176201,40.633929,-74.21353,11816.22,40.41,5,N
806,2023-12-28,4,6,40.550825,-73.836982,40.521158,-73.75533,9643.01,21.01,1,N
807,2023-11-09,18,6,40.888995,-74.066469,40.911779,-74.060318,2619.59,7.59,3,N
808,2023-05-30,18,4,40.56537,-73.997178,40.506802,-73.977297,6865.38,22.25,3,N
809,2023-03-12,6,2,40.791502,-73.753619,40.792195,-73.759325,638.1,4.93,3,N
810,2023-02-13,8,3,40.615213,-74.028462,40.564669,-74.054247,6298.18,20.3,5,N
811,2023-04-27,7,6,40.511133,-73.909274,40.609877,-73.982866,13669.77,40.5,1,N
812,2023-01-06,18,7,40.697457,-74.043754,40.695391,-74.070449,2972.02,13.14,2,N
813,2023-07-21,18,7,40.636188,-74.127017,40.650306,-74.136938,1915.32,6.11,5,N
814,2023-08-03,11,6,40.596473,-74.059448,40.538865,-74.087026,7089.37,19.78,3,Y
815,2023-05-24,20,5,40.669463,-74.042036,40.610308,-74.001254,7975.35,20.58,5,N
816,2023-12-24,10,2,40.621971,-73.951204,40.555033,-73.93481,7649.76,13.73,1,Y
817,2023-06-21,11,5,40.672801,-74.207952,40.610937,-74.215953,6924.16,16.89,3,N
818,2023-11-22,7,5,40.829435,-73.830264,40.844994,-73.861323,3855.97,13.25,3,N
819,2023-09-16,6,1,40.802647,-73.970462,40.769985,-74.003952,5192.67,15.66,1,N
820,2023-10-21,18,1,40.755666,-74.279088,40.797065,-74.227878,7309.5,18.78,5,N
821,2023-11-18,17,1,40.753634,-74.066497,40.731077,-73.99587,8229.66,28.23,2,N
822,2023-09-24,18,2,40.593135,-73.910853,40.630146,-73.880192,5334.77,21.75,4,Y
823,2023-12-31,12,2,40.675352,-73.982907,40.651842,-73.970907,2929.8,8.54,5,N
824,2023-10-14,14,1,40.752138,-74.06776,40.776158,-74.120229,6405.44,15.33,4,N
825,2023-09-08,18,7,40.661117,-73.976272,40.603574,-73.978364,6391.57,16.61,5,N
826,2023-03-02,17,6,40.781705,-74.030746,40.785263,-73.995396,3943.66,16.46,1,N
827,2023-07-29,6,1,40.656349,-73.945572,40.631578,-73.949141,2778.01,7.4,3,N
828,2023-03-15,7,5,40.803954,-74.032706,40.795524,-73.95016,9210.25,27.54,2,N
829,2023-09-08,0,7,40.677051,-74.017007,40.732089,-74.001136,6358.04,14.41,3,N
830,2023-09-01,19,7,40.814911,-73.979206,40.791824,-73.93336,5697.75,21.77,4,N
831,2023-03-18,20,1,40.631155,-73.8463,40.604887,-73.890402,5697.9,14.11,5,Y
832,2023-12-10,20,2,40.812534,-74.018738,40.740767,-73.966561,9848.99,19.86,5,N
833,2023-12-29,9,7,40.624835,-74.119639,40.73202,-74.056112,13830.17,40.74,5,N
834,2023-09-01,13,7,40.669054,-73.860467,40.677627,-73.985975,13963.82,29.41,3,N
835,2023-05-06,19,1,40.782578,-74.117623,40.835797,-74.086308,6854.15,21.92,4,N
836,2023-01-12,9,6,40.83329,-73.996667,40.843289,-74.044971,5475.35,18.58,1,Y
837,2023-02-20,14,3,40.698808,-73.944045,40.702129,-73.972794,3212.34,11.8,1,N
838,2023-06-16,7,7,40.668193,-74.025227,40.627244,-74.002673,5189.25,18.71,3,N
839,2023-03-03,4,7,40.721584,-73.871466,40.726637,-73.812076,6616.1,10.85,3,Y
840,2023-08-26,15,1,40.706016,-73.983799,40.710857,-74.057756,8226.76,15.66,1,N
841,2023-10-28,17,1,40.715744,-73.878832,40.725097,-73.920412,4730.78,15.99,5,N
842,2023-03-14,10,4,40.735951,-73.832194,40.727906,-73.883239,5735.95,13.48,5,N
843,2023-01-01,19,2,40.847913,-74.039684,40.830598,-74.064506,3359.29,16.77,3,N
844,2023-12-15,11,7,40.796143,-74.090151,40.852983,-74.14155,8506.32,18.29,1,N
845,2023-10-01,15,2,40.681422,-73.910732,40.701059,-73.891588,3044.08,7.07,4,N
846,2023-09-16,22,1,40.684668,-74.068997,40.753501,-74.090393,8001.01,19.8,4,N
847,2023-12-06,23,5,40.652378,-73.912911,40.645126,-73.918147,992.88,3.46,1,N
848,2023-01-03,20,4,40.578118,-74.054194,40.532463,-73.992527,8516.87,17.63,4,N
849,2023-11-29,17,5,40.507766,-74.056793,40.529651,-74.106458,6024.27,24.39,4,N
850,2023-07-03,11,3,40.900036,-73.908886,40.822607,-73.883206,9054.99,20.51,3,N
851,2023-08-16,0,5,40.705542,-74.1744,40.67233,-74.245621,8722.9,21.27,3,N
852,2023-04-24,8,3,40.884593,-74.1009,40.88644,-74.121712,2319.18,13.71,5,N
853,2023-04-11,23,4,40.681521,-74.043062,40.67145,-73.985031,6537.7,16.2,5,N
854,2023-11-05,15,2,40.770409,-73.957964,40.780868,-73.922389,4115.93,11.35,5,N
855,2023-09-25,18,3,40.683262,-73.814268,40.814161,-73.79512,14684.48,45.34,5,N
856,2023-01-02,21,3,40.588724,-74.157487,40.496026,-74.045533,16133.83,36.28,4,N
857,2023-07-28,8,7,40.665175,-74.107494,40.610809,-74.043,9363.06,31.65,3,N
858,2023-09-30,12,1,40.665236,-73.940243,40.666302,-73.883535,6295.68,16.37,1,N
859,2023-04-26,22,5,40.677887,-73.987884,40.67789,-73.957908,3327.25,8.11,1,Y
860,2023-08-10,19,6,40.842937,-74.123254,40.80441,-74.142435,4777.19,18.14,1,N
861,2023-06-24,19,1,40.765485,-74.115042,40.767104,-74.095654,2159.59,7.24,1,N
862,2023-10-24,6,4,40.649666,-73.785893,40.631899,-73.8613,8599.37,22.63,1,N
863,2023-02-01,21,5,40.63367,-73.975768,40.620724,-73.988909,2047.56,5.47,3,N
864,2023-07-25,6,4,40.597823,-74.005101,40.561397,-74.064611,7744.84,16.27,1,N
865,2023-08-26,19,1,40.814064,-74.101167,40.7512,-74.001579,13072.45,42.17,3,N
866,2023-02-25,6,1,40.605121,-74.036909,40.594594,-74.028868,1470.44,4.17,5,Y
867,2023-09-18,8,3,40.571579,-73.929522,40.536493,-73.916797,4142.8,15.13,3,N
868,2023-09-20,22,5,40.679004,-74.003627,40.635847,-73.938719,8652.01,17.52,2,N
869,2023-11-05,10,2,40.704148,-73.996649,40.63968,-74.035567,8358.74,21.44,5,N
870,2023-08-05,10,1,40.754719,-73.864503,40.744201,-73.858829,1326.57,5.87,2,N
871,2023-12-22,17,7,40.562452,-73.974768,40.601086,-74.026557,7171.9,23.15,3,N
872,2023-08-21,20,3,40.785266,-73.906958,40.754075,-73.844441,7755.06,16.63,2,N
873,2023-04-20,8,6,40.688922,-74.251779,40.648697,-74.180233,9110.75,30.19,1,N
874,2023-02-07,10,4,40.77412,-74.058189,40.764782,-74.12393,7370.53,18.27,3,Y
875,2023-01-16,7,3,40.697852,-73.937307,40.695522,-73.906451,3434.77,13.67,2,Y
876,2023-05-15,21,3,40.651332,-73.856874,40.661225,-73.920606,7158.97,19.24,1,N
877,2023-04-18,9,4,40.724063,-73.824248,40.660866,-73.925099,13210.78,49.03,4,N
878,2023-02-03,6,7,40.662833,-73.966788,40.645043,-73.943959,3212.57,11.22,3,N
879,2023-08-08,22,4,40.713853,-73.975262,40.689708,-73.996828,3593.5,6.24,3,N
880,2023-11-19,19,2,40.673778,-73.869776,40.603801,-73.767658,13740.99,42.9,2,N
881,2023-08-29,19,4,40.667361,-74.046002,40.588433,-73.979117,11483.68,36.96,5,N
882,2023-06-14,18,5,40.61597,-74.119447,40.606812,-74.064966,6132.24,20.27,5,N
883,2023-10-26,17,6,40.769196,-73.80137,40.734297,-73.790533,4056.25,15.08,4,N
884,2023-07-11,8,4,40.815965,-73.862212,40.858336,-73.879103,5063.1,20.01,2,N
885,2023-08-27,14,2,40.656229,-73.912201,40.612609,-73.892508,5312.33,11.53,1,N
886,2023-04-30,8,2,40.714033,-73.814725,40.763437,-73.83102,5774.42,22.09,5,N
887,2023-05-22,21,3,40.744153,-73.983696,40.776621,-73.975733,3710.85,10.51,3,N
888,2023-12-16,19,1,40.797195,-73.956402,40.860576,-73.892759,9970.02,35.4,5,N
889,2023-01-05,18,6,40.694462,-73.915579,40.815173,-73.917974,13401.5,44.17,1,N
890,2023-09-20,23,5,40.561271,-73.814936,40.531216,-73.803681,3562.36,12.8,2,N
891,2023-09-22,16,7,40.606418,-74.042509,40.624383,-74.084459,5065.51,15.95,4,N
892,2023-12-24,12,2,40.812146,-74.187449,40.848939,-74.160587,5056.67,12.82,2,N
893,2023-01-05,13,6,40.66208,-74.084658,40.670157,-74.03262,5845.38,14.25,5,N
894,2023-10-28,1,1,40.543175,-73.956213,40.432971,-73.885964,14506.51,35.58,3,N
895,2023-11-05,21,2,40.623763,-74.05058,40.534243,-73.9679,13526.35,31.37,4,Y
896,2023-10-19,22,6,40.751317,-74.060747,40.718647,-74.025228,5356.83,15.85,2,Y
897,2023-12-19,16,4,40.778472,-73.994819,40.820384,-74.020923,5480.68,13.92,5,Y
898,2023-01-30,10,3,40.792586,-73.917257,40.795671,-73.875236,4676.81,10.78,1,Y
899,2023-08-03,13,6,40.939036,-73.901682,40.956568,-73.921393,2928.22,8.94,4,N
900,2023-10-22,21,2,40.815095,-74.106753,40.784228,-74.122731,3858.08,8.74,1,N
901,2023-08-17,5,6,40.566437,-73.898585,40.458081,-73.916345,12188.06,28.49,5,Y
902,2023-02-16,8,6,40.636398,-73.925054,40.598864,-73.949272,4958.22,14.37,3,N
903,2023-03-31,11,7,40.772181,-73.880673,40.727326,-73.860277,5469.43,11.76,1,N
904,2023-01-23,8,3,40.58253,-73.951048,40.553469,-73.979848,4541.53,14.93,1,N
905,2023-04-22,21,1,40.569042,-73.91638,40.603749,-73.88328,5323.52,13.23,3,N
906,2023-03-26,8,2,40.59438,-74.117293,40.592258,-74.048295,7662.42,26.85,4,N
907,2023-07-24,20,3,40.701096,-73.997117,40.784949,-73.923486,12386.74,25.73,4,N
908,2023-02-12,15,2,40.859866,-73.994152,40.982117,-73.935203,15065.11,35.49,2,N
909,2023-01-10,16,4,40.735529,-73.959798,40.733898,-73.990124,3371.07,9.1,3,N
910,2023-07-03,7,3,40.699579,-74.052851,40.596567,-74.105756,12854.11,40.63,1,N
911,2023-09-25,17,3,40.668134,-74.214488,40.634947,-74.187251,4765.5,16.98,4,N
912,2023-05-08,10,3,40.715928,-74.00285,40.737761,-74.13559,14932.09,35.21,3,N
913,2023-12-15,17,7,40.750836,-73.80267,40.778208,-73.892802,10455.86,34.46,4,N
914,2023-06-17,9,1,40.76539,-74.103875,40.715342,-74.057952,7539.74,24.32,4,Y
915,2023-04-20,6,6,40.705068,-73.990432,40.700663,-73.996825,861.73,4.55,3,N
916,2023-07-08,4,1,40.78139,-73.928612,40.747475,-73.922139,3832.53,7.83,1,N
917,2023-10-19,7,6,40.84369,-74.040454,40.920357,-74.049447,8568.47,25.86,2,N
918,2023-11-22,18,5,40.471915,-74.111543,40.34423,-74.120921,14211.28,44.49,1,N
919,2023-10-27,12,7,40.54863,-74.017392,40.470561,-74.01907,8667.68,20.25,1,N
920,2023-08-08,18,4,40.714527,-74.031662,40.702514,-74.061232,3542.78,14.32,2,N
921,2023-11-25,3,1,40.832483,-74.068496,40.90977,-74.095841,9100.02,19.93,1,N
922,2023-08-01,17,4,40.783866,-74.01124,40.794498,-73.985579,3083.13,10.28,2,N
923,2023-01-28,21,1,40.674339,-74.071039,40.64376,-74.144666,8849.39,18.67,3,N
924,2023-11-19,0,2,40.651241,-73.979947,40.637346,-73.954861,3183.11,11.52,2,N
925,2023-03-06,6,3,40.555222,-74.109694,40.588619,-74.124947,4075.33,13.48,3,N
926,2023-04-12,8,5,40.78858,-73.972255,40.822446,-73.984269,3988.57,16.59,2,N
927,2023-09-04,5,3,40.812093,-74.023294,40.838748,-73.97638,5989.26,11.22,2,N
928,2023-09-04,1,3,40.707382,-74.150205,40.773891,-74.14393,7415.26,12.83,5,N
929,2023-10-11,18,5,40.707688,-73.894495,40.661245,-73.880559,5382.29,18.04,2,N
930,2023-04-11,7,4,40.68892,-74.000048,40.696385,-74.080429,8960.67,29.37,4,N
931,2023-08-01,21,4,40.807792,-74.023816,40.736372,-74.01912,7944.72,16.65,1,N
932,2023-03-05,11,2,40.658787,-74.066214,40.645621,-74.101568,4187.49,11.47,3,N
933,2023-09-08,17,7,40.689487,-73.980598,40.650017,-73.945947,5829.97,20.04,3,N
934,2023-12-13,1,5,40.826756,-74.034592,40.802347,-74.129326,10858.95,21.26,2,N
935,2023-11-05,15,2,40.681829,-74.056615,40.698176,-74.041884,2442.6,6.91,5,N
936,2023-02-11,14,1,40.617156,-73.966677,40.665761,-73.948337,5766.52,12.69,3,N
937,2023-09-30,17,1,40.64923,-73.948366,40.562354,-73.894457,11348.93,36.43,5,N
938,2023-06-26,19,3,40.67008,-74.014176,40.704122,-74.015008,3779.86,10.74,1,N
939,2023-09-09,0,1,40.852559,-73.940404,40.780556,-73.951791,8091.68,18.55,3,N
940,2023-03-10,7,7,40.651976,-73.905057,40.7628,-73.992443,15665.66,50.62,2,N
941,2023-04-04,19,4,40.814698,-73.739456,40.851994,-73.778374,5983.32,21.27,2,Y
942,2023-02-13,11,3,40.687795,-74.021317,40.732909,-74.070264,7388.89,16.11,1,Y
943,2023-05-17,18,5,40.844826,-74.000001,40.867325,-74.001755,2504.98,9.78,5,N
944,2023-05-17,21,5,40.711111,-74.095388,40.7187,-74.138866,4899.01,13.12,3,N
945,2023-05-03,21,5,40.663199,-74.089965,40.707107,-74.073455,5206.96,12.47,4,N
946,2023-07-25,18,4,40.753028,-73.964315,40.735334,-74.045157,9185.87,27.65,3,N
947,2023-05-08,10,3,40.604853,-74.105285,40.553857,-74.097274,5729.93,16.18,3,Y
948,2023-07-04,20,4,40.983464,-73.845805,40.967974,-73.861761,2468.36,6.12,4,N
949,2023-11-10,19,7,40.575759,-73.813166,40.628813,-73.833604,6310.9,19.74,1,N
950,2023-05-31,16,5,40.582746,-74.053832,40.484645,-73.991376,12908.71,25.86,5,Y
951,2023-09-12,19,4,40.665389,-73.864184,40.568208,-73.894916,11313.64,37.51,1,N
952,2023-10-04,8,5,40.807433,-73.966068,40.888663,-73.977694,9108.41,29.1,4,N
953,2023-01-15,7,2,40.907501,-74.099167,40.91111,-74.134263,3916.14,14.14,1,N
954,2023-10-01,17,2,40.826409,-74.183951,40.830909,-74.201644,2026.39,9.81,5,N
955,2023-11-04,5,1,40.591434,-73.823062,40.587885,-73.903329,8918.37,18.35,4,N
956,2023-04-25,8,4,40.568438,-74.018374,40.591936,-74.054343,4768.98,19.07,2,N
957,2023-03-01,15,5,40.773177,-73.94376,40.713545,-73.887899,9069.76,19.64,2,N
958,2023-08-05,9,1,40.836721,-74.105753,40.893277,-74.088286,6570.32,19.89,5,N
959,2023-02-24,11,7,40.604888,-74.032477,40.678394,-73.93808,13280.11,30.29,4,Y
960,2023-05-26,7,7,40.612324,-74.097171,40.534854,-74.116853,8872.34,26.53,3,N
961,2023-12-19,6,4,40.869355,-74.0091,40.776306,-73.996324,10425.33,20.23,4,Y
962,2023-06-20,7,4,40.717677,-74.046243,40.62272,-74.013524,11148.35,35.37,1,N
963,2023-04-02,20,2,40.700866,-74.089459,40.744693,-74.190715,12247.04,27.22,4,N
964,2023-12-14,13,6,40.730374,-74.063714,40.770993,-73.991235,9222.41,22.35,3,N
965,2023-04-10,18,3,40.669591,-74.019444,40.630195,-73.940187,9824.44,32.42,3,N
966,2023-03-25,15,1,40.687896,-74.113205,40.708388,-74.085805,3797.92,9.27,2,N
967,2023-01-05,10,6,40.741485,-74.042438,40.763355,-74.138856,10974.32,20.38,2,N
968,2023-02-19,10,2,40.912243,-74.243659,40.931926,-74.199104,5406.71,14.93,3,N
969,2023-03-18,17,1,40.691142,-73.99108,40.694467,-73.933268,6427.72,19.89,4,N
970,2023-12-10,17,2,40.482792,-73.971314,40.384264,-73.994831,11243.82,34.93,4,N
971,2023-03-03,6,7,40.815929,-73.906623,40.845882,-73.926036,3962.0,5.37,4,N
972,2023-02-18,19,1,40.55936,-73.957725,40.611586,-73.990511,6844.64,21.35,5,Y
973,2023-06-16,5,7,40.862493,-74.102482,40.898907,-74.018495,10161.02,25.35,5,N
974,2023-09-29,13,7,40.728571,-74.137641,40.720717,-74.15759,2379.75,3.82,1,N
975,2023-04-17,22,3,40.763307,-74.043871,40.737724,-74.062239,3495.84,6.11,1,Y
976,2023-10-22,7,2,40.652273,-73.93793,40.706816,-73.929986,6118.17,20.43,1,N
977,2023-07-06,22,6,40.842771,-73.763837,40.82216,-73.7955,4193.59,15.51,3,N
978,2023-08-16,7,5,40.78186,-74.092484,40.78446,-73.948955,15934.4,46.7,5,N
979,2023-04-18,17,4,40.697011,-74.031808,40.723915,-74.025486,3067.73,12.56,2,N
980,2023-04-21,16,7,40.658082,-74.033683,40.737697,-74.089423,10787.85,25.26,3,N
981,2023-03-25,11,1,40.779144,-73.96774,40.71046,-73.93293,8547.2,18.85,3,N
982,2023-12-23,17,1,40.704243,-74.034532,40.64145,-74.070382,8025.98,24.66,2,N
983,2023-03-20,9,3,40.735755,-74.100867,40.772501,-74.109319,4185.39,14.75,5,N
984,2023-06-18,17,2,40.834955,-74.064641,40.869146,-74.079314,4129.87,18.88,2,N
985,2023-02-20,10,3,40.808482,-74.025018,40.898551,-73.95515,12652.98,29.26,3,N
986,2023-09-08,6,7,40.85698,-74.081862,40.909954,-74.089802,5945.77,15.95,1,N
987,2023-03-29,9,5,40.713543,-74.069126,40.739516,-74.139755,8353.15,28.17,4,N
988,2023-03-07,8,4,40.589868,-74.067256,40.517018,-74.082478,8261.03,26.36,5,N
989,2023-01-28,21,1,40.651135,-74.079776,40.664093,-74.153948,8357.76,17.29,4,N
990,2023-08-28,13,3,40.767169,-74.023068,40.819306,-73.926679,12164.08,25.35,2,N
991,2023-02-14,21,4,40.640709,-73.958004,40.65788,-73.947085,2258.67,6.41,2,N
992,2023-02-13,18,3,40.473958,-74.115847,40.454512,-74.025737,10232.49,29.56,4,N
993,2023-03-11,13,1,40.362453,-74.039143,40.421461,-74.08917,8587.04,17.38,1,N
994,2023-12-26,14,4,40.790258,-74.186559,40.922991,-74.246139,16149.63,30.98,5,N
995,2023-01-22,16,2,40.858949,-74.039008,40.903833,-74.080144,6757.89,16.14,2,N
996,2023-01-27,12,7,40.751837,-74.076092,40.785124,-73.992196,10018.76,25.43,2,N
997,2023-03-02,8,6,40.634813,-73.9977,40.705426,-73.996708,7838.82,22.46,5,N
998,2023-01-19,21,6,40.853157,-73.854425,40.792434,-73.84934,6763.75,16.1,4,N
999,2023-07-01,6,1,40.618919,-73.876307,40.61347,-73.872456,740.6,2.78,5,N
1000,2023-03-20,11,3,40.740745,-73.995935,40.737687,-73.991311,615.34,2.22,4,N
